BEGIN TRANSACTION;

DROP TABLE IF EXISTS users, comments, cards, boards;

CREATE TABLE users (
	user_id serial,
	username varchar(50) NOT NULL UNIQUE,
	password_hash varchar(200) NOT NULL,
	role varchar(50) NOT NULL,
	CONSTRAINT PK_user PRIMARY KEY (user_id)
);

CREATE TABLE boards (
    id serial PRIMARY KEY,
    title varchar NOT NULL,
    background_color varchar(8) NOT NULL
);

CREATE TABLE cards (
    id serial PRIMARY KEY,
    board_id int REFERENCES boards(id),
    title varchar,
    description varchar,
    avatar varchar,
    creation_date date,
    status varchar,
    tag varchar
);

CREATE TABLE comments (
    id serial PRIMARY KEY,
    card_id int REFERENCES cards(id),
    author varchar,
    body varchar,
    posted_on TIMESTAMP
);


INSERT INTO boards (id, title, background_color) VALUES (1, 'My Kanban Board #1', '#1bb698');
INSERT INTO boards (id, title, background_color) VALUES (2, 'My Kanban Board #2', '#fb826f');
INSERT INTO boards (id, title, background_color) VALUES (3, 'My Kanban Board #3', '#35284f');

INSERT INTO cards (id, board_id, title, description, avatar, creation_date, status, tag) VALUES (1, 1, 'Avon high-level Forward', 'Molestiae quam alias quo quas minus. Excepturi velit placeat in placeat cum ex. Optio soluta voluptate dolores rerum. Atque iste corrupti aut exercitationem et et. Velit aliquid iusto cum.', 'https://picsum.photos/seed/pechkinator/128', '2020-10-31', 'Completed', 'Feature Request');
INSERT INTO cards (id, board_id, title, description, avatar, creation_date, status, tag) VALUES (2, 1, 'applications task-force digital', 'Rem reiciendis non exercitationem. Magnam nihil in dignissimos ducimus commodi nemo excepturi fugit corrupti. Sequi illum id quo corporis dolores ab. Dolor quo in quae voluptates dolor et voluptatem est exercitationem. Et cum praesentium esse consequatur qui dolore ut quo.', 'https://picsum.photos/seed/juamperro/128', '2020-11-01', 'Planned', 'Q&A');
INSERT INTO cards (id, board_id, title, description, avatar, creation_date, status, tag) VALUES (3, 1, 'virtual Coordinator back', 'Facere accusantium nostrum quasi ipsum eveniet ea. Accusamus ipsa exercitationem est impedit eum. Est laborum ipsum non. Harum accusantium molestias molestiae sint enim ipsum.', 'https://picsum.photos/seed/chadengle/128', '2020-11-02', 'Planned', 'Feature Request');
INSERT INTO cards (id, board_id, title, description, avatar, creation_date, status, tag) VALUES (4, 1, 'Associate modular synergize', 'Fuga repellat et quidem accusamus ipsa voluptas. Ut ut porro sapiente libero est id in. Sunt eius tempore recusandae consectetur aspernatur est reiciendis.', 'https://picsum.photos/seed/kudretkeskin/128', '2020-11-03', 'Completed', 'Design');
INSERT INTO cards (id, board_id, title, description, avatar, creation_date, status, tag) VALUES (5, 1, 'optical Car Plastic', 'Explicabo ratione praesentium. Numquam ex autem vel laboriosam. Non similique qui cupiditate non totam.', 'https://picsum.photos/seed/d_nny_m_cher/128', '2020-11-03', 'Completed', 'Feature Request');
INSERT INTO cards (id, board_id, title, description, avatar, creation_date, status, tag) VALUES (6, 1, 'Nevada Buckinghamshire knowledge', 'Quod aut pariatur. Libero et sed tenetur laudantium illo unde qui aut. Eum voluptatem est ut illo sed error dolorum placeat et. Eveniet esse aut placeat. Nemo est tempore voluptatum dolores aperiam laboriosam voluptatem. Eius magnam pariatur praesentium eum laborum ea.', 'https://picsum.photos/seed/gipsy_raf/128', '2020-11-04', 'Planned', 'Design');
INSERT INTO cards (id, board_id, title, description, avatar, creation_date, status, tag) VALUES (7, 1, 'Chicken dot-com grow', 'Placeat et facere aut optio quas voluptatem ullam unde consequatur. Est odio labore. Sit eos nisi excepturi et blanditiis eveniet error blanditiis. Ipsam et debitis. Ipsum nisi enim omnis veritatis.', 'https://picsum.photos/seed/slowspock/128', '2020-11-05', 'In Progress', 'Design');
INSERT INTO cards (id, board_id, title, description, avatar, creation_date, status, tag) VALUES (8, 1, 'Shoes Sausages payment', 'Quidem enim voluptates blanditiis assumenda. Alias tempora ut ut cumque autem. Dolore libero perspiciatis nemo illo. Numquam quam qui. Consequatur delectus voluptatem molestiae unde voluptatem ea totam maxime. Optio hic assumenda error harum quas incidunt.', 'https://picsum.photos/seed/IsaryAmairani/128', '2020-11-06', 'Planned', 'Design');
INSERT INTO cards (id, board_id, title, description, avatar, creation_date, status, tag) VALUES (9, 1, 'leverage SMTP Home', 'Corrupti dolore sint. Delectus nemo voluptatem hic. Provident iusto cupiditate et vel deleniti et beatae optio. Et cum ut sed maiores corporis laboriosam aut aut placeat.', 'https://picsum.photos/seed/gonzalorobaina/128', '2020-11-08', 'In Progress', 'Design');
INSERT INTO cards (id, board_id, title, description, avatar, creation_date, status, tag) VALUES (10, 1, 'transmitting Account Handcrafted', 'Qui quia dolor officia cupiditate quo natus et velit. Eum et ad labore numquam eveniet reiciendis. Ab culpa alias aperiam. Non inventore ipsam ab necessitatibus soluta suscipit incidunt expedita necessitatibus. Commodi consectetur odit quod repudiandae.', 'https://picsum.photos/seed/tjisousa/128', '2020-11-08', 'In Progress', 'Design');
INSERT INTO cards (id, board_id, title, description, avatar, creation_date, status, tag) VALUES (11, 1, 'Ameliorated repurpose drive', 'Dolorem maxime aliquam. Eos vero id illo rerum provident sit quasi sunt laboriosam. Dolorem atque nulla nesciunt velit aut maiores ipsum est. Expedita ut commodi. Expedita voluptatibus tenetur eligendi molestias eligendi qui.', 'https://picsum.photos/seed/luxe/128', '2020-11-09', 'Completed', 'Q&A');
INSERT INTO cards (id, board_id, title, description, avatar, creation_date, status, tag) VALUES (12, 1, 'Games Loan Customer', 'Esse consequatur dolorem fuga a fuga quasi. Esse eos natus alias voluptatem. Id sit enim in et natus beatae. Eaque minus rerum quo dignissimos ut qui. Quaerat sit quia veritatis.', 'https://picsum.photos/seed/kimcool/128', '2020-11-10', 'Planned', 'Design');
INSERT INTO cards (id, board_id, title, description, avatar, creation_date, status, tag) VALUES (13, 1, 'Global Industrial Officer', 'Quidem labore quia voluptates dolores earum esse. Minima incidunt earum accusamus. Fuga blanditiis enim. Excepturi aut quo ab quasi labore excepturi vero dolore molestias. Ullam nulla aut possimus voluptatem non voluptatem saepe qui molestiae.', 'https://picsum.photos/seed/dgajjar/128', '2020-11-11', 'Completed', 'Design');
INSERT INTO cards (id, board_id, title, description, avatar, creation_date, status, tag) VALUES (14, 1, 'SMTP Australia transmit', 'Dolor ut debitis. Rerum et nemo et. Beatae voluptatem in reprehenderit quo ut libero. Provident sed excepturi.', 'https://picsum.photos/seed/alterchuca/128', '2020-11-11', 'In Progress', 'Design');
INSERT INTO cards (id, board_id, title, description, avatar, creation_date, status, tag) VALUES (15, 1, 'Yuan purple Jewelery', 'Autem minus omnis culpa possimus ad voluptatum. Cupiditate est voluptates quia velit et enim ut harum tempore. Sit suscipit cum quo suscipit neque.', 'https://picsum.photos/seed/samgrover/128', '2020-11-12', 'Planned', 'Design');
INSERT INTO cards (id, board_id, title, description, avatar, creation_date, status, tag) VALUES (16, 2, 'utilize navigate Bedfordshire', 'Qui facere est voluptatem asperiores omnis corrupti voluptas. Ipsam et reiciendis animi rem non sint. Eius eum ullam neque qui error officiis officiis. Velit quia corporis reprehenderit recusandae aut.', 'https://picsum.photos/seed/adrienths/128', '2020-10-31', 'In Progress', 'Q&A');
INSERT INTO cards (id, board_id, title, description, avatar, creation_date, status, tag) VALUES (17, 2, 'Corporate bypassing payment', 'Minima amet quod quia sed minus repellat quasi eos voluptates. Totam quia non aliquid sint tempora. Velit repellendus officia dolores est esse ut.', 'https://picsum.photos/seed/osvaldas/128', '2020-11-01', 'Completed', 'Feature Request');
INSERT INTO cards (id, board_id, title, description, avatar, creation_date, status, tag) VALUES (18, 2, 'Specialist Vatu Chad', 'Totam molestias voluptatum maiores. Illo exercitationem vitae nisi assumenda. Explicabo rerum quisquam sed maxime qui et minima. Velit iusto perferendis autem est deserunt.', 'https://picsum.photos/seed/michaelabehsera/128', '2020-11-02', 'Planned', 'Design');
INSERT INTO cards (id, board_id, title, description, avatar, creation_date, status, tag) VALUES (19, 2, 'improvement Avon transmit', 'Officia culpa sint porro doloremque eos. Et veritatis dolorum quas soluta est aliquid. Veritatis voluptatem eum animi eveniet voluptatum aut exercitationem. Et aut consectetur enim qui. Sequi vel omnis.', 'https://picsum.photos/seed/rweve/128', '2020-11-02', 'In Progress', 'Design');
INSERT INTO cards (id, board_id, title, description, avatar, creation_date, status, tag) VALUES (20, 2, 'Markets card Technician', 'Debitis ex autem. Rerum amet esse aut quia dolorem eaque ut nihil. Commodi cum optio est. Et dolor corporis.', 'https://picsum.photos/seed/themrdave/128', '2020-11-03', 'In Progress', 'Feature Request');
INSERT INTO cards (id, board_id, title, description, avatar, creation_date, status, tag) VALUES (21, 2, 'circuit Garden Upgradable', 'Molestiae dignissimos qui aut perferendis facilis officia. Maxime nesciunt voluptas aut repellendus ab sunt expedita. Veniam quibusdam omnis. Quia unde dolore voluptas in. Dolorum maiores dolorum quia error occaecati alias ipsum est. Est aspernatur omnis vitae quas cupiditate aliquam voluptatem omnis.', 'https://picsum.photos/seed/chaabane_wail/128', '2020-11-03', 'Planned', 'Design');
INSERT INTO cards (id, board_id, title, description, avatar, creation_date, status, tag) VALUES (22, 2, 'markets Reunion parse', 'Qui dolores ut nihil. Ipsa consequatur aut. Quisquam eum eveniet beatae numquam explicabo incidunt ullam voluptatem voluptas.', 'https://picsum.photos/seed/rtyukmaev/128', '2020-11-04', 'Completed', 'Q&A');
INSERT INTO cards (id, board_id, title, description, avatar, creation_date, status, tag) VALUES (23, 2, 'Wooden Outdoors 5th', 'Velit neque et molestias. Est sint quisquam ullam fugit quidem est. Magni porro qui ut possimus quae neque et veniam. Quam dignissimos illo quia rerum non illum quidem quasi. Id maxime magnam maiores incidunt reprehenderit. Dolorum molestiae non expedita sint labore.', 'https://picsum.photos/seed/guillemboti/128', '2020-11-05', 'In Progress', 'Q&A');
INSERT INTO cards (id, board_id, title, description, avatar, creation_date, status, tag) VALUES (24, 2, 'Idaho hack tangible', 'Et ut est quo et ut et deleniti. Sed voluptatem harum iure animi. Sit laborum ipsa molestiae laborum minima laboriosam. Occaecati fuga atque qui deserunt. In ut iure nemo autem maiores aut magnam. Quod qui deleniti id iusto a dolore nihil autem.', 'https://picsum.photos/seed/nickfratter/128', '2020-11-07', 'In Progress', 'Q&A');
INSERT INTO cards (id, board_id, title, description, avatar, creation_date, status, tag) VALUES (25, 2, 'Bike Small Soft', 'Est enim autem. Rerum qui doloremque. Laborum velit aut est officiis aspernatur adipisci dolor aut reprehenderit.', 'https://picsum.photos/seed/eugeneeweb/128', '2020-11-07', 'Planned', 'Q&A');
INSERT INTO cards (id, board_id, title, description, avatar, creation_date, status, tag) VALUES (26, 2, 'Clothing Orchestrator black', 'Impedit eius reprehenderit. Non quas reiciendis aliquid voluptatem odio sed. Minima sed ipsa nostrum quaerat numquam cupiditate. Excepturi quia laborum autem est doloribus fuga ducimus illo.', 'https://picsum.photos/seed/kevinjohndayy/128', '2020-11-08', 'Planned', 'Design');
INSERT INTO cards (id, board_id, title, description, avatar, creation_date, status, tag) VALUES (27, 2, 'Tools National payment', 'Excepturi eaque voluptate ut quis ipsam sint quo ea. Similique aliquid velit sed ea minus pariatur nulla dolores. In rerum ut consequatur dolores exercitationem impedit.', 'https://picsum.photos/seed/oktayelipek/128', '2020-11-09', 'Completed', 'Design');
INSERT INTO cards (id, board_id, title, description, avatar, creation_date, status, tag) VALUES (28, 2, 'Bedfordshire Unbranded Sports', 'Aut magnam reiciendis tenetur debitis beatae qui. Repellat eum soluta et qui. Quisquam ut nihil eos voluptatem eum et et incidunt. Ex est et vero voluptatem modi aut sit et sed. Voluptatibus eum totam consequatur molestias at.', 'https://picsum.photos/seed/jomarmen/128', '2020-11-10', 'Completed', 'Feature Request');
INSERT INTO cards (id, board_id, title, description, avatar, creation_date, status, tag) VALUES (29, 2, 'purple orchid Fantastic', 'Quo nostrum aperiam et. Eos nisi excepturi voluptatem debitis et animi et quia autem. A recusandae voluptatem vel est vero accusantium est dolorum. Deleniti laudantium expedita aperiam maiores vitae culpa voluptas quibusdam.', 'https://picsum.photos/seed/madebyvadim/128', '2020-11-11', 'Planned', 'Feature Request');
INSERT INTO cards (id, board_id, title, description, avatar, creation_date, status, tag) VALUES (30, 2, 'Grocery lime Dollar', 'Rem sapiente qui velit voluptatem cupiditate atque. Quis tempora exercitationem molestiae possimus qui. Quis earum voluptatem consequuntur est cum veniam ut debitis. Vel labore voluptate. Quia asperiores ut saepe nesciunt ipsam vero accusamus quo.', 'https://picsum.photos/seed/sta1ex/128', '2020-11-12', 'Completed', 'Q&A');
INSERT INTO cards (id, board_id, title, description, avatar, creation_date, status, tag) VALUES (31, 3, 'Sausages up mobile', 'Inventore placeat quo eos eius. Ullam ea odio velit non rem eum. Accusantium quasi sit laborum illum omnis quibusdam vel quas.', 'https://picsum.photos/seed/jonathansimmons/128', '2020-11-01', 'Planned', 'Feature Request');
INSERT INTO cards (id, board_id, title, description, avatar, creation_date, status, tag) VALUES (32, 3, 'Future array Representative', 'Ut placeat et. Eum voluptatum excepturi eum voluptas est mollitia. Odio dolore aut expedita esse.', 'https://picsum.photos/seed/xalionmalik/128', '2020-11-03', 'Planned', 'Design');
INSERT INTO cards (id, board_id, title, description, avatar, creation_date, status, tag) VALUES (33, 3, 'Krona solutions turquoise', 'Magni enim quod sit occaecati aliquam at doloribus dolor. Impedit pariatur assumenda quis occaecati id repellat autem ipsam natus. Odit officia excepturi quidem accusamus necessitatibus voluptas ut natus assumenda. Natus optio reprehenderit placeat officiis facere aut commodi voluptatem. At molestiae et.', 'https://picsum.photos/seed/teddyzetterlund/128', '2020-11-03', 'In Progress', 'Design');
INSERT INTO cards (id, board_id, title, description, avatar, creation_date, status, tag) VALUES (34, 3, 'Switchable out-of-the-box Croatia', 'Eos aut laboriosam ullam facere asperiores. Numquam rem nulla voluptatum illo. Blanditiis a aperiam quia maxime inventore non rerum esse assumenda. Reiciendis est vel nisi hic commodi sed fugit et consequatur.', 'https://picsum.photos/seed/adrienths/128', '2020-11-04', 'Completed', 'Feature Request');
INSERT INTO cards (id, board_id, title, description, avatar, creation_date, status, tag) VALUES (35, 3, 'Sudan withdrawal withdrawal', 'Libero quo et sunt assumenda neque. Pariatur ea accusantium quae iusto perferendis incidunt. Vel nihil deleniti ullam ipsam corporis. Tenetur porro expedita exercitationem est non labore.', 'https://picsum.photos/seed/mrebay007/128', '2020-11-05', 'Planned', 'Design');
INSERT INTO cards (id, board_id, title, description, avatar, creation_date, status, tag) VALUES (36, 3, 'Checking Iceland SAS', 'Quia ea necessitatibus aliquam praesentium fugit. Unde dolorem magnam sapiente dignissimos nam. Corrupti officiis rerum dolore eos ipsam occaecati.', 'https://picsum.photos/seed/karlkanall/128', '2020-11-06', 'Completed', 'Feature Request');
INSERT INTO cards (id, board_id, title, description, avatar, creation_date, status, tag) VALUES (37, 3, 'Borders Vision-oriented platforms', 'Dolores ipsum sed quisquam. Corporis et at laborum velit laboriosam est animi sint. Vel numquam molestiae voluptatem molestiae quaerat ea molestiae aut.', 'https://picsum.photos/seed/smalonso/128', '2020-11-07', 'Completed', 'Design');
INSERT INTO cards (id, board_id, title, description, avatar, creation_date, status, tag) VALUES (38, 3, 'Soft Sleek reintermediate', 'Ratione nisi nisi fugiat sit harum et aliquid consequatur. Voluptas est corrupti. Totam quisquam mollitia tenetur quidem.', 'https://picsum.photos/seed/arthurholcombe1/128', '2020-11-08', 'Planned', 'Design');
INSERT INTO cards (id, board_id, title, description, avatar, creation_date, status, tag) VALUES (39, 3, 'orange Music Legacy', 'Quidem rem quaerat enim et rerum consequatur. Voluptas dolores culpa rerum qui sunt labore dolores. Illum quaerat perspiciatis facere tenetur qui. Rerum nesciunt adipisci. Rerum beatae ipsum dolorem sint asperiores sint sunt laborum.', 'https://picsum.photos/seed/iamkarna/128', '2020-11-09', 'Planned', 'Design');
INSERT INTO cards (id, board_id, title, description, avatar, creation_date, status, tag) VALUES (40, 3, 'Generic Missouri Open-architected', 'Tempora explicabo veritatis id quaerat. Voluptates sunt voluptates incidunt. Magni nisi sunt id perferendis eum laudantium placeat aut iure. Sint tempore quod esse eius et nemo. Et voluptatem quas.', 'https://picsum.photos/seed/michaelmartinho/128', '2020-11-09', 'In Progress', 'Design');
INSERT INTO cards (id, board_id, title, description, avatar, creation_date, status, tag) VALUES (41, 3, 'bypassing Unbranded Account', 'Nostrum et molestiae ipsam perspiciatis veniam beatae consectetur. Dolor repellat fuga. Dicta maxime ut sed voluptatibus sed. Voluptate rem odit suscipit. Et et et reiciendis enim et ut quas nihil. Ut harum harum quaerat deserunt repellat et.', 'https://picsum.photos/seed/chris_witko/128', '2020-11-10', 'Planned', 'Feature Request');
INSERT INTO cards (id, board_id, title, description, avatar, creation_date, status, tag) VALUES (42, 3, '24/365 invoice Tasty', 'Eaque quia modi qui. Sed eaque sunt id dignissimos. Tempora id perspiciatis dolor tenetur nihil consequatur. Laboriosam ipsa perspiciatis quia eveniet consequatur et officia qui. Sapiente veniam nulla eum provident.', 'https://picsum.photos/seed/_scottburgess/128', '2020-11-11', 'Completed', 'Q&A');
INSERT INTO cards (id, board_id, title, description, avatar, creation_date, status, tag) VALUES (43, 3, 'mint Small Licensed', 'Qui deleniti ipsum et ea et qui iusto. Accusantium suscipit temporibus explicabo et. Sed nisi saepe qui illo debitis.', 'https://picsum.photos/seed/illyzoren/128', '2020-11-12', 'In Progress', 'Feature Request');
INSERT INTO cards (id, board_id, title, description, avatar, creation_date, status, tag) VALUES (44, 3, 'Shoes Paradigm Towels', 'Dolore ipsam asperiores eaque soluta deserunt et. Explicabo soluta tenetur est tempore maxime velit blanditiis ipsa illo. Sit distinctio unde ea sunt aut laboriosam ut id quo. Eligendi sit eaque ipsam. Rerum eius qui sit omnis praesentium ab.', 'https://picsum.photos/seed/ehsandiary/128', '2020-11-13', 'Planned', 'Feature Request');
INSERT INTO cards (id, board_id, title, description, avatar, creation_date, status, tag) VALUES (45, 3, 'Berkshire reboot firewall', 'Beatae vero perspiciatis possimus optio minus est vel sit. Ratione dicta in. Doloremque sit suscipit rerum eveniet. Quas ducimus incidunt. Deleniti suscipit quisquam nobis qui asperiores eligendi consequatur. Enim itaque ab voluptatem nemo voluptatem sit dignissimos.', 'https://picsum.photos/seed/vikasvinfotech/128', '2020-11-14', 'Completed', 'Feature Request');



INSERT INTO comments (id, card_id, author, body, posted_on) VALUES (1, 1, 'Roger Bahringer', 'Dolores recusandae consequuntur veritatis omnis vel quia aliquam. Rerum rerum in possimus sapiente reprehenderit. Odio quos a eaque earum. Ipsa molestiae rerum cumque optio. Dolore omnis ad est laborum et dolorem illum ratione.\n \nNostrum vel suscipit ut non quod recusandae. Fuga non qui sint ad facilis mollitia dicta qui dignissimos. Ut iste non molestiae aut molestiae dolorum ea non ratione. Ut eaque explicabo commodi alias ipsum ipsa ex iste voluptatibus. Sequi qui eos enim ex. Minima odio sunt et.\n \nError quas similique ratione nam expedita laborum. Consequatur id vero consectetur sit explicabo et ipsam fuga exercitationem. Quas deserunt facilis qui autem reiciendis dignissimos rerum laborum ut.', '2020-10-31 08:29:42.495');
INSERT INTO comments (id, card_id, author, body, posted_on) VALUES (2, 1, 'Samson Metz', 'Sed delectus repudiandae praesentium et autem totam officiis. Distinctio nemo atque aliquid nesciunt et. Delectus aliquid ut quod ratione iusto qui minus. Saepe qui itaque dolor quasi ut qui.\n \nRerum perferendis sit. Est dolores tenetur eos illo atque eveniet eaque. Eveniet exercitationem incidunt officia libero. Delectus aut et maxime.\n \nExcepturi voluptatem numquam qui itaque. Autem exercitationem voluptatem tenetur porro voluptatem vel at aut. Voluptatem quaerat non error officiis. Rerum molestiae molestias atque adipisci suscipit non voluptatem ut. Laudantium et rerum.', '2020-10-31 12:40:00.495');
INSERT INTO comments (id, card_id, author, body, posted_on) VALUES (3, 1, 'Sven Heathcote', 'Assumenda nobis recusandae quis consequuntur vel ab eligendi et commodi. Veritatis placeat expedita qui quibusdam laborum eos voluptas laudantium. Ea a alias laborum et delectus eos voluptatem dicta. Vel libero perspiciatis aut et eum reprehenderit dolores. Doloremque sapiente fuga hic sunt voluptatibus est. Consectetur excepturi et assumenda repellat blanditiis ducimus odit fuga.\n \nPerferendis quibusdam reiciendis vitae qui. Molestiae ea quae unde non aspernatur. Recusandae est quam accusantium repellendus consequatur ducimus exercitationem aperiam ullam. Repellat nisi consequatur consequatur fuga alias earum. Vero excepturi ratione accusantium eum dolores. Quo officia qui optio animi quos necessitatibus dolore.\n \nVoluptas atque odit laudantium omnis blanditiis. Iste sint animi illum quas in officia necessitatibus omnis rerum. Non id libero placeat sequi est magni facere qui. Iure voluptas dolorum dicta itaque nam nulla reprehenderit suscipit.', '2020-10-31 19:12:36.495');
INSERT INTO comments (id, card_id, author, body, posted_on) VALUES (4, 1, 'Harvey Monahan', 'Excepturi atque repellendus est ut qui ipsum. Fugit rerum doloribus fugiat blanditiis. Dolorum doloremque blanditiis sequi mollitia quisquam blanditiis porro corporis rerum. Laboriosam quaerat itaque ea explicabo aut. Quod ut numquam consequatur numquam.\n \nQui ut quae omnis dicta. Veritatis consequuntur sint sed voluptate aut. Laborum magnam esse quia error voluptatem dicta. Rerum nam voluptates repudiandae.\n \nVoluptatibus perferendis fugiat ullam dicta ratione sed earum voluptatem est. Laborum est accusamus. Sit aut enim voluptatibus quasi sapiente. Dolores veniam exercitationem.', '2020-11-01 01:09:02.495');
INSERT INTO comments (id, card_id, author, body, posted_on) VALUES (5, 2, 'Imogene Osinski', 'Rerum qui numquam id ducimus corporis consequatur. Quod provident repellat quis excepturi aut sapiente. Molestiae debitis et neque minus. Rerum eum ut excepturi.\n \nModi quia quia omnis id minus suscipit. Omnis aut omnis itaque. Est eius est rerum sit nihil voluptate deleniti. Consequuntur autem consequatur ut provident sequi. In esse officia voluptas laudantium esse. Iure nesciunt aut quia.\n \nQui iste laborum. Incidunt rerum maiores numquam et est nihil quam minus. Autem ipsum debitis inventore consequatur neque veritatis placeat et aut. Porro impedit voluptatem deleniti. Modi et rerum.', '2020-11-01 14:10:14.495');
INSERT INTO comments (id, card_id, author, body, posted_on) VALUES (6, 2, 'Mercedes Yost', 'Ea qui soluta voluptate eaque sunt nam magni. Et aut alias qui aspernatur occaecati repudiandae dignissimos mollitia nam. Quae quo illo tenetur asperiores. Ut ea recusandae aut. Exercitationem illum perspiciatis velit beatae expedita dicta id. Illum est tenetur illo.\n \nUllam qui eum autem omnis animi officiis nesciunt iure. Quia facilis repellat dolores et quis dolores. Et nihil hic voluptas distinctio deserunt.\n \nAtque quasi consequuntur. Ut rerum et facilis eius esse adipisci harum. Natus et eveniet alias. Delectus earum nesciunt quod voluptatibus harum. Et itaque ipsam eveniet recusandae cum. Voluptatem ut eveniet voluptatem odio.', '2020-11-01 19:22:19.495');
INSERT INTO comments (id, card_id, author, body, posted_on) VALUES (7, 2, 'Daphne Bernhard', 'Nam voluptatem doloremque corrupti fugiat. Est voluptas saepe cumque earum. Molestias quia voluptas dolorem aspernatur velit est eum reprehenderit quisquam. Est ut iusto repudiandae eius.\n \nAspernatur exercitationem sed accusamus incidunt eum voluptate. Cumque qui porro aut dolor autem. Velit nihil eaque voluptatem ab quis pariatur veniam illo laudantium. Quo in similique quasi neque natus delectus quas quas officiis. Aut distinctio inventore assumenda voluptate. Odit ex et pariatur.\n \nFacilis eos ut distinctio odio doloremque maiores quia odit. Illum quo qui ut dolorem. Consequatur quia minus quod sunt dolore tempore.', '2020-11-02 01:04:13.495');
INSERT INTO comments (id, card_id, author, body, posted_on) VALUES (8, 2, 'Ari Bergstrom', 'Eum sed quo quis in. Quis sed et autem sint saepe totam iure. Quia praesentium molestiae qui dolorum asperiores inventore mollitia suscipit consequuntur. Omnis numquam quidem ut atque. Vel eos quidem consequatur eaque.\n \nSaepe ducimus incidunt tenetur eum corrupti. Facilis cupiditate ratione sint impedit. Ut repellendus qui aut eaque ex. Laudantium qui est debitis placeat. Et autem et libero cum et blanditiis nobis quia.\n \nSit ratione praesentium. Ullam eligendi labore quis vel illo ipsa deserunt voluptates. Molestiae corrupti nihil sed. Consequatur molestias aliquid perspiciatis et repellat assumenda tempora. Ea numquam corporis ut vel.', '2020-11-02 01:46:40.495');
INSERT INTO comments (id, card_id, author, body, posted_on) VALUES (9, 3, 'Archibald Hills', 'Nisi eos rerum voluptatem. Similique similique provident sed itaque velit. Laborum est consequuntur enim doloribus natus nesciunt. Hic consequatur et omnis. Aut culpa fugiat.\n \nNobis ut praesentium magnam similique incidunt ea. Natus amet assumenda consectetur similique dignissimos temporibus sit cum non. Magni minus accusamus quidem velit. Et est aspernatur et sed libero porro.\n \nRatione unde ut. Officia fugiat qui a. Nisi natus quae. Architecto quidem qui sit voluptates delectus et aut architecto rerum.', '2020-11-02 07:41:52.495');
INSERT INTO comments (id, card_id, author, body, posted_on) VALUES (10, 3, 'Manuel Boyer', 'Velit veniam et molestias. Sit et dicta. Debitis totam culpa eaque facilis molestiae eius dolore. Enim deleniti ea numquam. Atque ex et neque ut veritatis.\n \nNihil vitae facilis. Est inventore aut exercitationem cumque. Fuga explicabo nam officia est asperiores.\n \nNobis quaerat praesentium. Facere a fugit voluptate non fugiat distinctio. Aut fuga et et fugit incidunt atque cumque. Ratione illo provident. Quas sed quisquam officia quam reiciendis nemo voluptates alias dolor. In molestias quisquam qui facilis.', '2020-11-02 14:01:20.495');
INSERT INTO comments (id, card_id, author, body, posted_on) VALUES (11, 3, 'Estelle Schultz', 'Eos aut harum in distinctio numquam est ut totam aut. Debitis soluta illo delectus minus aliquam perferendis. Consectetur illum sed tempora in cumque. Quos aperiam blanditiis ut suscipit.\n \nSint autem fugiat exercitationem quis tempore fugit. Veritatis asperiores labore aut sit quis cum nihil nulla. Quidem est et qui aut ducimus. Odit incidunt non occaecati nulla mollitia quasi sit molestiae et. Ratione vitae velit ipsam.\n \nRerum voluptatem quis laboriosam voluptatibus nihil. Vero nihil est illo sed qui minima fugiat. Dolores enim sit ut laudantium est. Est accusantium corporis eos odio consequatur aut eligendi.', '2020-11-02 17:49:59.495');
INSERT INTO comments (id, card_id, author, body, posted_on) VALUES (12, 3, 'Yvette Bosco', 'Fuga error neque atque tenetur ullam tenetur et. Praesentium fuga deserunt reprehenderit et accusantium. Eos dolores tempore sunt quis sit maxime. Iste ipsam est. Ducimus blanditiis voluptatem velit sunt voluptate eum ipsam distinctio. A est laborum quod expedita fugiat eveniet eos.\n \nExpedita et minima doloremque quis sed sequi. Blanditiis tempora atque aut vitae. Sint qui esse. Omnis voluptatum adipisci doloremque officia dolor voluptatem. Iusto omnis earum sint dignissimos aut. Occaecati aliquid aut eos rerum animi quaerat voluptatem.\n \nQuam quaerat et qui ut ut eum facilis earum velit. Quasi consequuntur voluptatibus quasi eveniet et consequatur laborum repudiandae. Quaerat consequatur pariatur nemo officia corrupti consequatur. Neque quibusdam veniam id labore.', '2020-11-02 23:58:10.495');
INSERT INTO comments (id, card_id, author, body, posted_on) VALUES (13, 4, 'Maryjane McKenzie', 'Dolorem aut aut aut voluptas. Maiores officia corrupti. Illo amet et est inventore voluptate officiis voluptas enim. Iste doloribus quis ut ut non aut officia.\n \nQui accusamus voluptate labore commodi et ducimus fugit. Dolorem iste voluptas tempore sunt consectetur soluta harum laudantium. Id qui omnis repudiandae aut est non alias. Nostrum sunt consequuntur mollitia illo id consequuntur porro voluptas facilis. Quibusdam aut iste a est error cupiditate adipisci molestiae.\n \nIllum occaecati dolore quibusdam fugit rerum sed. Aut dolorum cupiditate possimus soluta rerum voluptatum temporibus. Voluptatem ut laudantium omnis quam. Vero rerum at repellat deleniti. Ut velit architecto magnam at illum iure dolorem est.', '2020-11-03 10:25:02.495');
INSERT INTO comments (id, card_id, author, body, posted_on) VALUES (14, 4, 'Kendall Gleichner', 'Eum temporibus ratione officia nihil pariatur excepturi. Dolorem odio tempora aperiam. Eos necessitatibus voluptatem qui voluptas quasi quis in. Explicabo laboriosam voluptates nostrum iusto et consectetur quia. Quidem blanditiis vero aut autem. Sed aut porro ut placeat velit id fugiat aut consequatur.\n \nCommodi impedit corrupti accusantium facere officiis autem recusandae. Ipsum voluptas nobis iure harum accusamus explicabo qui laudantium. Accusamus voluptatum facere. Natus cum possimus ut neque tempore repellat iure minima.\n \nPossimus et rerum. Facere ut magni consectetur ipsam aut dolorum eos. Accusamus deleniti est eum.', '2020-11-03 10:38:06.495');
INSERT INTO comments (id, card_id, author, body, posted_on) VALUES (15, 4, 'Herbert Windler', 'Ratione sequi fugit voluptates. Quae modi consequatur eius consequatur ducimus eveniet cum. Eum est impedit minus corporis voluptate.\n \nOmnis voluptatem iusto delectus est eos dolores. Natus aspernatur pariatur rerum esse unde eveniet facere. Deleniti commodi ratione aperiam odio. Dolorem eaque eveniet ea et incidunt perspiciatis aliquam.\n \nReprehenderit aliquam aliquam qui temporibus. Molestiae veritatis aspernatur ipsam soluta tempore. Cupiditate repellendus quis sed quasi. Nulla atque aut quaerat earum expedita facilis inventore et assumenda.', '2020-11-03 12:36:51.495');
INSERT INTO comments (id, card_id, author, body, posted_on) VALUES (16, 4, 'Ena Ondricka', 'Numquam provident et repellat quia recusandae. Neque tenetur laudantium et perferendis velit id corporis molestias assumenda. Unde voluptatibus accusamus et et ut quibusdam et ea et. Id pariatur iste. Voluptas totam omnis architecto. Modi molestiae consequuntur dolorem commodi non quisquam animi fugit.\n \nEa quisquam dolor. Quisquam ut vitae necessitatibus qui nesciunt totam ducimus eum. Dignissimos consectetur occaecati. Et et fuga.\n \nNatus sequi rerum tempora velit. Magnam dolor omnis voluptas ex nesciunt fuga blanditiis. Quo autem architecto omnis sequi eum non. Rerum voluptas minus. Ex et id autem dolores est ut laboriosam.', '2020-11-03 12:38:46.495');
INSERT INTO comments (id, card_id, author, body, posted_on) VALUES (17, 5, 'Liam Hills', 'Voluptatem non odio saepe ut inventore voluptatem illo itaque et. Sunt quo vero a perferendis eos impedit sit et sit. Doloribus rerum vitae ab praesentium. Et commodi quidem.\n \nVero ut et repudiandae mollitia velit harum reiciendis omnis. Inventore exercitationem voluptatum aut eos beatae. Aut dolorem nemo. Ut voluptatem est aut voluptatem saepe voluptatum.\n \nMolestiae aspernatur quo nostrum enim fugit error itaque tenetur magnam. Odit ducimus voluptatem rem. Aut deserunt tempora quam animi ut eum cum.', '2020-11-03 23:49:14.495');
INSERT INTO comments (id, card_id, author, body, posted_on) VALUES (18, 5, 'Holden Moen', 'Asperiores et et est amet praesentium autem deleniti mollitia. Dignissimos porro id. Repudiandae inventore ea magnam minima at blanditiis aspernatur et. Dolorem aspernatur quaerat et impedit vel consectetur ut quisquam doloribus. Blanditiis nisi delectus beatae sit aut.\n \nMinus in omnis et esse porro. Quia saepe sit rem harum totam. Perferendis molestiae delectus nulla sit corrupti voluptate sit sunt tempora.\n \nMinus veritatis tempora modi qui. Earum dolorem quod iusto quod debitis libero non eos. Ut ea recusandae quibusdam dolores eaque quibusdam totam voluptatem est. Ut et et porro quae ut mollitia reiciendis veritatis. Atque iste amet et quos nesciunt ipsam ut numquam et.', '2020-11-04 02:08:15.495');
INSERT INTO comments (id, card_id, author, body, posted_on) VALUES (19, 5, 'Daija Corwin', 'Qui ut aut quisquam quasi nesciunt recusandae. Est ipsum rerum vel. Ad ut ipsum assumenda. Ut dolore atque ut quibusdam aspernatur.\n \nFacere porro qui cum aut reprehenderit vel doloremque. Doloremque et qui cum provident. Nobis aut voluptas aut. Aperiam qui et consequatur necessitatibus dignissimos consequatur id. Qui dolorem et totam quisquam maiores molestiae officiis. Et iusto voluptas ipsam sunt et officiis quidem qui.\n \nMaxime voluptatem ut eligendi qui sit quo. Nam iure sint voluptatum. Velit veniam soluta vel corrupti velit culpa.', '2020-11-04 06:57:19.495');
INSERT INTO comments (id, card_id, author, body, posted_on) VALUES (20, 5, 'Mae Torp', 'Aut ullam qui quam sed quisquam. Saepe autem impedit commodi maxime pariatur facere et. Et eius et excepturi quod ut vel eveniet rerum. Fugiat modi labore sed inventore unde aut iste. Totam veniam eius sed sit ab.\n \nEst possimus molestiae animi id eius rerum quia. Sed sed omnis commodi. Velit occaecati in adipisci rerum exercitationem tempore porro. Expedita adipisci reiciendis a est ratione similique.\n \nRem et ullam. Minus deleniti voluptas amet ea et cum assumenda. Tempore quibusdam sunt occaecati cum aut sunt. Impedit velit quam fuga distinctio earum in illum sit assumenda. Exercitationem ex vitae dicta perspiciatis voluptatum. Dolorem nisi quibusdam aliquam dolorum ullam.', '2020-11-04 12:34:36.495');
INSERT INTO comments (id, card_id, author, body, posted_on) VALUES (21, 6, 'Lane Haag', 'Ut voluptatem vitae praesentium in animi. Ex minus dolore placeat doloremque et commodi non consequatur ab. Voluptatem quis est aut in in dolores eligendi repellendus qui. Sit laudantium aliquam est voluptatem. Nisi repudiandae id et quod.\n \nImpedit cupiditate illo voluptas. Officia laboriosam animi. Et consequatur nemo animi. Animi aliquam qui deleniti veritatis.\n \nCommodi voluptatem aliquid voluptas qui eaque. Non officia nostrum velit et. Et non quae voluptatem eum illo officiis quidem. Exercitationem mollitia vel debitis dolore.', '2020-11-05 04:59:36.495');
INSERT INTO comments (id, card_id, author, body, posted_on) VALUES (22, 6, 'Francesco Schuster', 'Quasi dolorem minus et adipisci. Provident deleniti cumque quisquam nihil repellendus non. Quam similique est quo eum. Delectus velit vel. Omnis amet assumenda voluptates corrupti non consequuntur illo neque consectetur.\n \nPorro quia doloremque at. Voluptatem ut sunt quia et. Voluptatibus voluptatibus minus officiis soluta fuga doloremque omnis. Sunt perferendis unde id corporis molestiae eaque. Esse ut pariatur est nesciunt ipsum tenetur excepturi corrupti.\n \nSunt cum doloremque et eveniet voluptas voluptas omnis qui. Et esse culpa dolorem. Iste aut voluptatem. Deleniti eligendi molestiae iste mollitia. Fugit dolores ullam maxime quo alias ullam aut ex.', '2020-11-05 08:31:39.495');
INSERT INTO comments (id, card_id, author, body, posted_on) VALUES (23, 6, 'Jorge Blanda', 'Repellendus repellat laudantium sit. Necessitatibus laudantium mollitia commodi et quis voluptatem et assumenda explicabo. Ipsam sit ut ipsa eaque. Autem et sit sed non quibusdam ratione at. Omnis iure et saepe sed ea saepe et.\n \nEnim in minus doloribus autem aut voluptatibus commodi sit perspiciatis. Eveniet aut ab commodi alias quam ipsa ipsam ut. In accusamus autem. Veritatis sed similique aut et aut laudantium praesentium deserunt facere. Omnis delectus at quia illo qui explicabo fuga.\n \nAperiam laudantium vel illum quas labore non beatae voluptas fugit. Delectus consequatur voluptatum ea autem eum consequatur quos sit quidem. Qui sint consectetur consequatur in non. Voluptates et delectus ducimus in laborum autem itaque aut laudantium. Necessitatibus fuga est. Aspernatur quas veritatis optio cum.', '2020-11-05 13:42:39.495');
INSERT INTO comments (id, card_id, author, body, posted_on) VALUES (24, 6, 'Albertha Goodwin', 'Quisquam sequi eaque qui. Sunt totam cupiditate optio sit. Nihil officia repudiandae quis.\n \nSaepe atque pariatur eum iste porro sed. Autem facere accusantium autem voluptates incidunt alias in impedit. Voluptates error soluta quia qui recusandae et. Est enim sint in.\n \nDolor distinctio doloremque et accusamus ipsum magnam quod. Culpa voluptate necessitatibus sed non ab nisi pariatur possimus tempora. Facilis animi explicabo dignissimos velit aut. Voluptatibus non molestiae enim et.', '2020-11-05 20:18:42.495');
INSERT INTO comments (id, card_id, author, body, posted_on) VALUES (25, 7, 'Megane Cruickshank', 'Adipisci nemo dolor aliquid quam debitis autem sed sed ipsa. Rerum voluptatibus fugiat et mollitia explicabo placeat a provident cum. Libero molestias qui tempore dolores. Sapiente et ut provident qui aliquid necessitatibus.\n \nVel voluptatem illum nisi molestiae cumque. Quo voluptas veritatis nulla explicabo totam. A aspernatur praesentium minima possimus non ratione.\n \nAut labore adipisci at sunt accusamus vero id. Aliquid et placeat sunt. Natus voluptatem molestiae est sit enim. Laborum ex sit unde et. Et dolore veritatis laborum facere architecto est voluptatem.', '2020-11-06 03:55:58.495');
INSERT INTO comments (id, card_id, author, body, posted_on) VALUES (26, 7, 'Fredy Mante', 'Eos sit debitis autem reiciendis maxime quia. Cupiditate sequi corrupti dolores. Minus corporis aut sit qui magni odit. Quis ad dolore aut.\n \nUt amet sit provident deserunt. Est doloribus et earum quia inventore itaque aut quasi at. Recusandae similique omnis rerum et dolorem quasi cumque. Quisquam aut eveniet a assumenda. Qui expedita architecto. Velit laudantium minima consequuntur nam neque omnis.\n \nOdit dolorem ab dolor impedit omnis. Officiis id ea minima in qui. Ipsa porro optio et eos. Asperiores culpa fugiat.', '2020-11-06 09:19:47.495');
INSERT INTO comments (id, card_id, author, body, posted_on) VALUES (27, 7, 'Bessie Lowe', 'Et nulla sit autem. Facere voluptatem aut reprehenderit. Non nam quidem veritatis. Natus voluptatem quidem libero voluptas ipsum. Amet et ut illum illo. Repellat qui molestiae.\n \nAtque quam officiis. A non fuga dolorem aspernatur dolorum. Iusto fugiat officia necessitatibus architecto. Qui quidem minima facere. Et inventore aperiam. Aliquam inventore incidunt rem quibusdam nisi et fugiat.\n \nVel perspiciatis dolorem similique id saepe architecto non et. Consequatur voluptatem veritatis unde dolorem consequatur. Praesentium illo sit commodi ipsam maiores sed voluptate rerum. Qui assumenda autem corrupti. Voluptate cum labore. Asperiores assumenda aliquam occaecati quisquam enim deleniti est.', '2020-11-06 10:20:04.495');
INSERT INTO comments (id, card_id, author, body, posted_on) VALUES (28, 7, 'Bonita Hilpert', 'Id rerum eum consequatur quam cupiditate. Animi sed totam vel soluta mollitia aperiam. Non dolorem illo voluptatem dolorem perspiciatis necessitatibus tenetur.\n \nPerferendis quam illum. Reiciendis iure ut voluptas autem neque atque nostrum nisi. Commodi ratione et impedit vero sint.\n \nEveniet cupiditate numquam unde sequi illo. Sunt deleniti debitis. Deserunt illum sapiente ducimus dolore.', '2020-11-06 12:19:23.495');
INSERT INTO comments (id, card_id, author, body, posted_on) VALUES (29, 8, 'Wilfredo Windler', 'Magnam natus rerum a exercitationem ea nam rerum eaque. Nobis est voluptatem. Aut et dolores id beatae aliquid nisi nihil quo quidem. Atque alias ullam doloribus non saepe quae aliquid. Voluptas dolorum dicta commodi dignissimos saepe.\n \nEst voluptatem adipisci. Ducimus ea est quasi incidunt. Omnis ullam autem consequatur consequuntur voluptatem est magni. Ea autem perferendis fugiat velit vel omnis neque hic. Nulla autem iusto fugit voluptatibus sed non itaque cupiditate.\n \nAliquam velit quia voluptates repudiandae pariatur doloremque. Et dolores veniam laborum voluptas aut quasi tempore impedit ex. Quo ut in sed deleniti. Reprehenderit sit accusamus eaque reprehenderit rem. Magni sequi sed sed adipisci a sed.', '2020-11-07 03:58:44.495');
INSERT INTO comments (id, card_id, author, body, posted_on) VALUES (30, 8, 'Lenore Feeney', 'Cumque numquam doloremque sequi et ut accusamus numquam. Illo tenetur facere ex vero beatae iusto provident. Rerum molestiae qui impedit ut aut. Qui harum commodi.\n \nDolorem voluptatem ab voluptatem sit. Cum qui quisquam voluptatem voluptatem voluptate dolores id. Harum tempora optio ea veritatis sunt rerum. Quos dolore voluptatum nesciunt dolorum aut neque molestias asperiores numquam. Placeat quaerat adipisci.\n \nLibero nesciunt eos et quidem sunt molestiae laudantium cum deserunt. Est eos autem. Aut officia hic soluta fugit eligendi quaerat.', '2020-11-07 10:19:35.495');
INSERT INTO comments (id, card_id, author, body, posted_on) VALUES (31, 8, 'Karli Mann', 'Nihil ab distinctio. Qui iure tenetur unde aut nisi. Fuga voluptatem voluptatem aut est eveniet voluptatem ut. Quae quas dolorem perferendis sit iusto quia veniam.\n \nIusto velit rerum. Quod voluptatem aliquid. Deleniti sapiente voluptates quae consequatur eligendi qui error odio temporibus.\n \nAliquam tempore sed expedita fugit. Quia harum perferendis voluptatum ipsum fugiat et. Neque unde fuga suscipit esse in similique esse vero similique. Dicta rerum facere dignissimos cupiditate quae vitae adipisci. Nulla voluptas recusandae dolorem sint ea autem deleniti.', '2020-11-07 12:04:40.495');
INSERT INTO comments (id, card_id, author, body, posted_on) VALUES (32, 8, 'Ora Hartmann', 'Nobis voluptatem et. Nam illum ex atque sunt est. Et et consequatur ad. Sit iste voluptatibus ratione nulla aut quaerat dignissimos eaque. Iure quis consequatur omnis labore voluptatum omnis fugiat. Blanditiis repudiandae libero est et et sed et dolor.\n \nOmnis architecto molestiae earum. Corporis velit culpa placeat. Quae autem officiis voluptatem et est molestiae nam velit omnis.\n \nRerum et a tenetur. Quidem laborum vel repudiandae saepe. Ipsa commodi reiciendis voluptatem deserunt quisquam odio et debitis ea. Aut voluptatum optio.', '2020-11-07 13:41:19.495');
INSERT INTO comments (id, card_id, author, body, posted_on) VALUES (33, 9, 'Laurence Schultz', 'Modi consequatur soluta dolores quaerat. Ab amet dolor et ad quia. Nihil illum voluptates id.\n \nInventore et quo consequatur voluptatibus. Aut id libero culpa soluta exercitationem animi ut. Ut facere enim veritatis eius et et modi autem non. Natus rerum nihil magni nihil eos animi aut ex nisi.\n \nOmnis tenetur consectetur dolore adipisci. Dolorem doloremque modi quibusdam. Distinctio enim deserunt qui ea.', '2020-11-08 02:36:32.495');
INSERT INTO comments (id, card_id, author, body, posted_on) VALUES (34, 9, 'Jayde Medhurst', 'Est et voluptas consectetur voluptatem. Tempora odit qui magnam. Aut dolor id ipsa perferendis maiores velit sed eius.\n \nUllam quia facere. Ratione repellendus ipsam nam id. Ab sint aliquid. Libero inventore temporibus corrupti optio autem dolore officia. Modi aliquid quibusdam. Minus atque nisi corrupti et quia error.\n \nIpsum error voluptatem eos quia sint velit quia cumque aut. Iure voluptates aut voluptatem a. Tenetur totam et voluptate dignissimos libero consequuntur.', '2020-11-08 05:26:33.495');
INSERT INTO comments (id, card_id, author, body, posted_on) VALUES (35, 9, 'Micaela Spinka', 'Sed incidunt in corporis maxime alias. Sit quas illo tempore. Illo dignissimos harum nulla in perferendis earum alias.\n \nNemo veniam temporibus vero et sit qui. Suscipit iure ut voluptas est velit inventore. Consequatur omnis molestias rerum.\n \nNatus provident ut doloribus est. Accusantium et perferendis repudiandae et rem iusto. Rerum ea necessitatibus sunt. Et exercitationem harum sunt velit et at maxime qui. Enim aliquam nisi sunt soluta quis.', '2020-11-08 11:55:20.495');
INSERT INTO comments (id, card_id, author, body, posted_on) VALUES (36, 9, 'Gregorio Considine', 'Necessitatibus maxime eius aliquam. Est est non facilis officiis voluptatem. Corporis id deserunt cum ut maxime accusantium eveniet sunt deserunt.\n \nDolor nesciunt qui doloremque aut deserunt omnis mollitia maiores doloribus. Ut tempora ea eum inventore sit. Aut voluptatum quis ea velit voluptatem. Aut est asperiores quod modi rerum.\n \nDistinctio minima quos voluptas iure nulla architecto praesentium ut. Quae quod dolores iste modi et sit. Voluptatem et corporis aut cum.', '2020-11-08 13:28:09.495');
INSERT INTO comments (id, card_id, author, body, posted_on) VALUES (37, 10, 'Dominic Tromp', 'Fugiat reiciendis dolore voluptatem quia facere natus quisquam. Sint rem sed culpa. Nostrum asperiores vero.\n \nMolestiae voluptatem deserunt. Blanditiis repudiandae molestias ex quaerat omnis. Sapiente nulla dolor.\n \nArchitecto qui fuga aut iusto. Ratione exercitationem esse omnis quo harum ipsam. Hic dolor dolorum et. Facere dolore earum alias quo esse ratione omnis quas repellat. Iste id rerum ipsam molestiae porro. Qui omnis laboriosam dolorum tempore illum.', '2020-11-08 21:45:49.495');
INSERT INTO comments (id, card_id, author, body, posted_on) VALUES (38, 10, 'Dax Rolfson', 'Et nemo quae beatae et vel. Dolor quisquam a. Consequatur molestias rerum esse sit cumque. Possimus eum aut reiciendis eos molestiae.\n \nSit iusto nemo eligendi voluptates architecto architecto. Ipsa reiciendis provident. Quia quibusdam similique quisquam. Unde minus nemo nihil qui qui quod rerum id nemo. Doloremque magni veritatis aspernatur at labore facilis labore. Maiores dolores quas repudiandae doloremque optio.\n \nAut dignissimos ipsum qui cupiditate voluptate consequatur expedita dolorum. Est saepe eos incidunt ab delectus et. Assumenda numquam rerum quia eaque sed voluptatibus est est consectetur. Quasi dolorem et tenetur exercitationem explicabo tenetur.', '2020-11-09 03:18:56.495');
INSERT INTO comments (id, card_id, author, body, posted_on) VALUES (39, 10, 'Broderick Schmidt', 'Quidem eum dolores distinctio eos iusto et fugiat omnis. Sit voluptas ratione officia alias alias. Reprehenderit est voluptas soluta tempore laudantium. Suscipit unde id velit placeat dicta quibusdam sint saepe aut. Ut molestiae facilis sapiente sit aspernatur asperiores doloribus. Aut consequatur ratione est nesciunt.\n \nSed sapiente ea quos quaerat assumenda molestias officia facere ad. In et consectetur facilis vero magnam voluptas eum perferendis. Eveniet magnam a possimus esse ut. Quia velit totam. Nemo velit officiis voluptas nulla corporis totam odio consectetur.\n \nCorrupti similique quo ex. Velit explicabo illum non non quisquam quidem consequatur eius qui. Sit repellendus atque veritatis enim et tenetur beatae quis velit. Et aperiam qui repellat.', '2020-11-09 06:07:50.495');
INSERT INTO comments (id, card_id, author, body, posted_on) VALUES (40, 10, 'Matteo Crona', 'Aut occaecati provident ut ea. Qui consequuntur quo laborum nobis et et assumenda error est. Placeat molestias eos voluptas. Quasi sunt voluptatem cumque qui. Officia totam perspiciatis quidem optio.\n \nRerum dolore culpa tempore qui dignissimos quo in. Consequuntur quae aut culpa molestiae. Voluptatem iure aliquid velit eos quos totam dolor.\n \nDoloremque in architecto culpa et illo perspiciatis nemo incidunt. Sint est nisi aliquam consectetur fuga assumenda fugiat eveniet. Veritatis consequatur aut aut.', '2020-11-09 11:15:10.495');
INSERT INTO comments (id, card_id, author, body, posted_on) VALUES (41, 11, 'Louie Crist', 'Animi ipsam molestiae. Sit et perferendis magnam distinctio iusto sequi sed commodi voluptates. Unde asperiores non dolores tenetur qui. Assumenda corrupti voluptas dolore quisquam voluptas corporis quia ut. Non quia sunt sint non quis expedita excepturi. Esse nobis laborum repudiandae inventore.\n \nRerum et vel sit incidunt quis exercitationem. Voluptatem sit nisi eveniet quam delectus. Neque qui doloribus ea optio. Iusto et corrupti ducimus qui. Doloremque sit ut ut in quia qui nihil et. Laudantium est quis voluptas.\n \nMollitia ratione doloremque alias autem. Id sed est deleniti debitis aperiam. Enim cupiditate nihil ut pariatur sed iure eius a voluptas. Quas dicta et voluptatibus et quo dolorem quis. Quae possimus voluptatibus at nemo.', '2020-11-09 14:48:59.495');
INSERT INTO comments (id, card_id, author, body, posted_on) VALUES (42, 11, 'Nickolas Bogan', 'Enim amet sapiente tempora. Quo modi culpa nobis nisi et repellendus et nisi aut. Minus eos et tempore dolores exercitationem consequatur est perferendis aliquam. Aperiam iusto sed.\n \nCommodi ut ad vitae suscipit. Illum maiores amet eum repellendus consequatur est animi omnis. Quaerat sapiente non autem.\n \nSoluta ea iure vitae. Optio magni non quo inventore qui accusamus sint. Deleniti dolor dicta dignissimos aut fuga voluptatem voluptates. Veritatis velit odio. Provident enim laudantium corporis quaerat dolorem labore vero aut animi.', '2020-11-09 19:00:50.495');
INSERT INTO comments (id, card_id, author, body, posted_on) VALUES (43, 11, 'Rylan Kohler', 'Voluptate et ad veritatis aliquid et. Aut voluptatum molestiae a placeat consequuntur quas. Excepturi enim hic iure eum. Animi praesentium doloribus dolorum. Impedit velit quia dolorum ipsum sed ut. Qui distinctio delectus laudantium sequi.\n \nLabore eum voluptas eos quibusdam quia eum est ducimus impedit. Aut corrupti fuga ullam aperiam laudantium adipisci ea. In vel velit cupiditate aut sed rerum. Pariatur iure nisi odit quo nulla mollitia perferendis nulla architecto. Et ratione consequatur nemo esse praesentium quisquam commodi maiores non.\n \nEaque ut delectus qui et asperiores. Dolor debitis quas earum non mollitia non animi. Officiis sed quo id ut. Molestiae cumque ipsam facilis inventore tenetur esse voluptatem dolorem.', '2020-11-09 21:48:30.495');
INSERT INTO comments (id, card_id, author, body, posted_on) VALUES (44, 11, 'Mona Shields', 'Tempora similique laborum fugiat dolorem totam. Ut eveniet quod sit voluptatem totam et sequi expedita officia. Nesciunt modi ratione. Vel placeat aut dolor similique. Aspernatur mollitia quidem.\n \nEst sed atque dolores deserunt. Blanditiis itaque et. Doloribus exercitationem officia voluptatibus nihil.\n \nDolores placeat veritatis non excepturi. Dolore enim quos et consequuntur. Vitae quae sit labore vitae suscipit quas tempora quia ab. Sed repellat ullam praesentium sit molestiae.', '2020-11-10 02:43:31.495');
INSERT INTO comments (id, card_id, author, body, posted_on) VALUES (45, 12, 'Sydni Thiel', 'Ut tempora commodi rerum itaque consequuntur occaecati tempore reprehenderit. Et aut quae quia rem ipsam maiores soluta doloremque magnam. Commodi sed consequuntur dolor. Placeat in ut molestiae saepe ab consequatur tempore.\n \nNam provident quis illum enim optio sit. Placeat non ut dolores unde. Ex et maiores culpa nihil sapiente numquam. Ut nisi culpa eaque inventore inventore possimus. Non atque in et autem voluptatum nam nihil sed.\n \nDolores ut et voluptatem voluptatem sit. Consequatur quaerat nisi fugiat nobis consectetur aspernatur commodi voluptas aut. Nesciunt aut fugiat amet eum fuga neque praesentium molestias qui.', '2020-11-10 09:57:46.495');
INSERT INTO comments (id, card_id, author, body, posted_on) VALUES (46, 12, 'Antwan Harber', 'Dolores illum quam earum saepe saepe. Recusandae qui nostrum magnam. Omnis et id velit molestias voluptate molestias ab. Omnis incidunt eos. Sunt et ipsa quia qui. Dolores nihil in eos aut quia temporibus necessitatibus.\n \nAsperiores possimus aut ea quia et. Repellat asperiores doloribus et iste odio consequuntur ipsa rerum. Voluptas et sunt voluptatem inventore delectus dolor quam tempora. Quia inventore ipsa quasi et ullam nihil sed sunt.\n \nNon fugit sint id voluptas explicabo omnis. Non reprehenderit vel qui non ullam enim dolorem nisi. Error voluptates cum earum explicabo labore vel consequuntur consequatur. Quod nam sit est et minima voluptates occaecati sed delectus. Exercitationem magnam voluptate eaque cumque aut doloribus qui dicta a.', '2020-11-10 11:12:53.495');
INSERT INTO comments (id, card_id, author, body, posted_on) VALUES (59, 15, 'Arlie Senger', 'Temporibus et debitis eos nihil perferendis officiis repellendus veniam. Excepturi consequatur reprehenderit alias voluptatem. Excepturi consequatur dignissimos quo vel et non ullam ea. Sit esse iure natus. Fugiat consequuntur odio molestiae.\n \nNatus ipsam ab sed et sunt dolor ut cum. Sapiente sequi aliquam omnis saepe minus. Eius voluptatem neque. Excepturi iusto eum facilis eveniet. Sed aliquam quidem earum minus sit.\n \nNon maxime distinctio cum voluptas ducimus nesciunt eos autem. Cum sint ad maiores. Nobis et et.', '2020-11-13 00:46:43.495');
INSERT INTO comments (id, card_id, author, body, posted_on) VALUES (47, 12, 'Ocie Daugherty', 'Vitae in voluptates assumenda ut. Beatae non laboriosam occaecati. Perspiciatis amet soluta quod occaecati vel repellendus aut. Voluptas sunt quis est quas quos id aut. Ut iusto et consequuntur quas et nulla.\n \nExcepturi inventore modi iste repellendus ut voluptas commodi molestiae. Aperiam rem minus iste vel voluptatem a. Sit nam recusandae quis est ut veniam esse quia inventore. Nobis voluptate dolorum laboriosam est magni soluta sit aut rerum. Voluptas eveniet qui quo.\n \nVoluptatem magni similique autem adipisci ut voluptas minus dolor. Labore quia non vitae expedita quia. Sit explicabo est delectus quia. Rerum voluptas dolore nemo aut aliquid sit deserunt fuga.', '2020-11-10 13:54:17.495');
INSERT INTO comments (id, card_id, author, body, posted_on) VALUES (48, 12, 'Calista Champlin', 'Harum officiis aspernatur aut quidem odit recusandae explicabo consequatur. Esse voluptatum et libero voluptas dolorum enim. Beatae veritatis necessitatibus.\n \nTempora eius natus. Consequatur aut eos velit maxime harum voluptatem amet adipisci. Commodi consequatur est. Suscipit temporibus iste vero repellat veniam facilis sit non iste.\n \nConsequuntur et consequatur. Odio facere cum. Aut incidunt et soluta tempora hic. Voluptas repudiandae sed fuga sint cupiditate quae et voluptatem aut. Sapiente assumenda aut eos doloribus quia inventore quis est.', '2020-11-10 15:46:18.495');
INSERT INTO comments (id, card_id, author, body, posted_on) VALUES (49, 13, 'Delores Rosenbaum', 'Porro odit velit. Quia autem nisi excepturi eum consectetur. Alias expedita ratione laudantium. Sunt magnam dignissimos tenetur id delectus ut. Sunt necessitatibus totam nihil.\n \nIllo rerum voluptatibus. Repellendus qui est. Aut eveniet sint necessitatibus.\n \nEveniet quo beatae. Id ipsam doloremque eos officiis sunt. Saepe quasi aliquid iusto rerum eligendi ut aut illo quis. Ut voluptatem fugit eum tempore qui aliquam aut consequatur. Et quis officia magni aut. Nam libero vel minus autem modi.', '2020-11-11 01:01:38.495');
INSERT INTO comments (id, card_id, author, body, posted_on) VALUES (50, 13, 'Althea Ortiz', 'Minus iusto eligendi veritatis. Itaque ipsum ut delectus sit. Expedita aspernatur et amet. Natus ipsum beatae iusto. Quas voluptas rerum. Vel in corrupti nam ea doloribus.\n \nDistinctio voluptatum iure harum vitae beatae incidunt labore. Sunt explicabo quos molestiae distinctio debitis perspiciatis quis earum. In occaecati optio.\n \nEt ut soluta fuga. Voluptates iste atque. Occaecati et omnis. Ut aliquam ratione velit.', '2020-11-11 01:12:31.495');
INSERT INTO comments (id, card_id, author, body, posted_on) VALUES (51, 13, 'Luella Wunsch', 'Possimus voluptates voluptas consequatur nemo. Cum ea nam quod. Natus debitis et ut non asperiores.\n \nAdipisci possimus iure qui facilis sunt laborum voluptas. Voluptatum nihil ut tempore ut. Recusandae adipisci ea aut officiis facilis consequuntur inventore. Deleniti assumenda blanditiis fugiat officia sapiente dolore omnis doloribus. Expedita est officia sed.\n \nBeatae quis magni qui quod blanditiis. Voluptate ut maiores qui ea quia inventore quia perspiciatis et. Ratione recusandae magni quam non saepe in at consectetur veritatis. Voluptates aliquid occaecati dolorum enim id. Dolor animi exercitationem aut est commodi. Quas et ea asperiores rerum labore itaque harum.', '2020-11-11 05:14:14.495');
INSERT INTO comments (id, card_id, author, body, posted_on) VALUES (52, 13, 'Tabitha Wolf', 'In odit laborum voluptatem sit molestias. Nulla sit ut quam dolor eum. Illo voluptate et ut facilis amet aut in et. Velit iste a velit veniam ut. Et enim nihil cumque consequuntur.\n \nNon sint harum. Eum molestias nesciunt ea. Qui consequuntur consequuntur minus libero dolorem vel cumque. Ea quia qui aut placeat voluptas rem et error quis. Autem odit consequatur dicta et corrupti provident adipisci occaecati. Nostrum vitae esse labore ducimus quia vel.\n \nVoluptas perspiciatis animi et et quia consectetur id quia est. Voluptate reiciendis porro ipsam dicta rerum reprehenderit qui sed. Porro ea nulla. Temporibus maiores odio. Doloremque eum iste eos quod illo rerum totam asperiores velit.', '2020-11-11 12:14:50.495');
INSERT INTO comments (id, card_id, author, body, posted_on) VALUES (53, 14, 'Vada Hammes', 'Adipisci maxime necessitatibus ut qui. Voluptate dignissimos voluptas et aut. Veniam accusantium facilis dolorem eos. Deleniti molestiae reprehenderit qui quos enim assumenda culpa quo.\n \nEt error inventore est autem modi blanditiis ratione. Sit nobis enim quod esse sequi assumenda sed iusto asperiores. Velit unde rerum qui labore vitae voluptate. Quo est nemo. Sed adipisci iure quia. Facilis sunt quia.\n \nPossimus odit provident quaerat. Natus fugiat et eius beatae est ut accusamus eius cum. Dolore in modi et nihil ipsa id. Quas fuga perspiciatis vero voluptas voluptas quod est. Non ut natus totam dolores doloremque.', '2020-11-11 21:54:46.495');
INSERT INTO comments (id, card_id, author, body, posted_on) VALUES (54, 14, 'Marlee Williamson', 'Veritatis est consectetur iusto. Quasi corporis rerum vero minima autem quos. Accusantium deserunt laudantium odit assumenda.\n \nNon et cupiditate ratione in quibusdam. Dolorem non nisi nesciunt rerum vel. Assumenda sint dolor earum assumenda eum sed consequuntur. Laborum rerum rem id rerum iste fugit. Et porro a.\n \nQui commodi aperiam rem quia. Quia illum provident eum labore laboriosam voluptas. Dolorem voluptate odit quos. Magnam ut autem.', '2020-11-11 23:36:35.495');
INSERT INTO comments (id, card_id, author, body, posted_on) VALUES (55, 14, 'Arden Wilkinson', 'Sequi voluptatem dolores consequatur commodi debitis ab sed. Illum laudantium magnam sed. Eius quasi modi iure ea dolor accusamus aut. Rerum aut excepturi. Et autem consequuntur est odio.\n \nVoluptatum et ratione qui eum cupiditate non et sunt ut. Ipsa aut maiores excepturi in voluptatem consequatur beatae dolores. Facere aut officia voluptatum. Amet sapiente doloremque et aliquam ea aut aliquam porro dolorem.\n \nAspernatur debitis dolor autem consequatur id. Rem aliquid quos quibusdam enim. Ut et dignissimos minus autem aut libero sunt.', '2020-11-12 03:29:06.495');
INSERT INTO comments (id, card_id, author, body, posted_on) VALUES (56, 14, 'Anika Bins', 'Natus doloremque in eum ut. Nam quis voluptatem. Omnis distinctio quis laboriosam. Provident aliquid unde optio quidem minima. Dicta voluptates eos molestiae id laborum molestiae. Veniam ut aperiam occaecati fugiat est accusamus ut.\n \nSed in nam sed saepe quaerat aut animi doloremque. Ea qui enim voluptatem est a. Quo ut maxime et facere repellat dolorem similique. Et quibusdam delectus tenetur dolore quam omnis.\n \nAut nam quis. Ab suscipit id sunt aut fugiat exercitationem asperiores ut. Ipsam et sed a ut voluptatem consequatur voluptatibus ut veritatis. Similique placeat quae voluptatem et atque ut. Nobis magni voluptas sint rerum autem at ducimus sed.', '2020-11-12 09:16:37.495');
INSERT INTO comments (id, card_id, author, body, posted_on) VALUES (57, 15, 'Owen Hudson', 'Voluptatibus atque porro quibusdam laboriosam. Enim delectus dolor odit error. Dignissimos distinctio aut consequatur. Ut est consequuntur maiores dolores maxime maiores aspernatur ut sint.\n \nPlaceat at in repellendus inventore laborum. Voluptatem blanditiis id laborum quo ducimus accusantium. Delectus officia sed. Consequuntur similique assumenda rerum maxime aperiam quidem.\n \nEst ut dolor corporis sunt sit est ipsam quis et. Odio odit voluptate illum. Tempore perspiciatis rerum dolores et. Omnis officiis rerum voluptate animi aut et sit ducimus. Quidem autem fugit occaecati.', '2020-11-12 18:59:32.495');
INSERT INTO comments (id, card_id, author, body, posted_on) VALUES (58, 15, 'Geovanny Zemlak', 'Consequatur dolor voluptas officia qui deserunt vero. Molestiae quod ab culpa voluptates. Repellendus repellendus non. Autem hic ut. Enim veritatis nihil nam dignissimos veritatis. Eos aperiam aspernatur numquam sapiente maiores cumque dignissimos consequatur autem.\n \nDoloribus voluptas est eum ut deleniti. Quas eos officiis ipsa quia quia temporibus tempore. Accusantium porro possimus aut. Odit ratione nulla ullam quisquam. Eum laborum inventore ex ullam aut explicabo voluptas commodi.\n \nFacere qui eum cumque vel enim perspiciatis dolor et dolor. Odit quasi consequatur. Perferendis voluptatem et placeat qui deleniti dicta molestiae est at.', '2020-11-12 21:54:58.495');
INSERT INTO comments (id, card_id, author, body, posted_on) VALUES (60, 15, 'Elmer Gottlieb', 'Voluptatem unde qui ipsum voluptates. Modi eum ut repellat. Voluptas et incidunt labore placeat qui. Odit doloribus aperiam nam dolor soluta tempore iste explicabo.\n \nAutem dolores adipisci veniam qui quasi sint. Qui numquam sit optio quod sed quia. Natus eum eaque consectetur. Accusantium corporis et velit consectetur est.\n \nQuia repellendus sint cum distinctio provident vel. Consequatur facilis culpa quo dolorem veniam et facere error. Est dicta cum omnis aspernatur. Nihil dolore consequatur ut voluptates et quod iste.', '2020-11-13 05:53:43.495');
INSERT INTO comments (id, card_id, author, body, posted_on) VALUES (61, 16, 'Aylin Kreiger', 'Sequi tenetur excepturi architecto corrupti. Ut distinctio suscipit. Et velit eius pariatur rerum et ullam ullam occaecati. Nostrum culpa sed sit eum. Blanditiis atque aperiam eligendi unde voluptatum accusantium amet.\n \nAspernatur eius rerum et enim. Nihil sunt dolores deserunt corporis dolor dolorum. Explicabo ut et quia animi iste molestias. Rem quo maxime eveniet velit odit magnam consequatur fugiat.\n \nNatus neque et suscipit qui est dolorum. Harum hic dolore modi maiores. Nobis ea in et ullam dolorum et dolores a. Enim sint dolores quae saepe quis. Ut voluptas voluptas est nostrum et.', '2020-10-31 08:16:08.181');
INSERT INTO comments (id, card_id, author, body, posted_on) VALUES (62, 16, 'David Terry', 'Dolor et animi non soluta officiis libero quam aspernatur. Repellat soluta est recusandae. Qui qui sequi aliquam voluptatem est architecto error.\n \nQuo maxime eos provident qui architecto id. Perferendis iure et adipisci porro temporibus dolore ullam. Dolor quam expedita id eligendi iste a alias commodi amet. Ut tempore consequuntur a id et tempore.\n \nQuia totam modi voluptates voluptatibus incidunt exercitationem eius veritatis ut. Nihil magnam nesciunt sapiente. Sit illum officia porro fugiat occaecati consectetur amet vel. Et dolore qui nostrum aut.', '2020-10-31 12:26:30.181');
INSERT INTO comments (id, card_id, author, body, posted_on) VALUES (63, 16, 'Jillian Schmeler', 'Necessitatibus iure aperiam quia sint a sed et. Et inventore quis aut repellendus soluta perspiciatis. Et nemo illum voluptatibus quis reiciendis. Magnam in dolorum ipsum itaque consequatur commodi. Magni pariatur veniam.\n \nRerum atque voluptatem enim dicta magnam quia ea perspiciatis. Doloremque sunt nobis ut sed ipsa omnis reiciendis. Possimus tempore voluptatibus eaque inventore incidunt ullam in quia sed.\n \nOptio sit ea sunt quo. Omnis sed alias. Et asperiores voluptas harum omnis qui vel tempore. Eaque deleniti commodi quo voluptatibus. Dolores culpa autem fugit voluptas nihil dolores.', '2020-10-31 19:27:04.181');
INSERT INTO comments (id, card_id, author, body, posted_on) VALUES (64, 16, 'Elta Cole', 'Enim eos quia. Ab nisi dolorem dignissimos. Debitis voluptatem enim placeat sint.\n \nSed et minus doloremque ut hic asperiores nemo. Error porro enim accusamus reiciendis explicabo blanditiis. Dignissimos quia nulla vel aut quis et minima. Cum id at qui. Quia omnis vel doloribus quibusdam. Non voluptas doloribus deleniti inventore sed eius rerum repellendus sit.\n \nConsequatur assumenda autem blanditiis qui aspernatur in. Nisi libero autem ipsum blanditiis laborum nihil ullam aspernatur sequi. Consequatur est ex sed molestias. Sit facilis doloribus cupiditate. Dignissimos aut amet fuga ut.', '2020-11-01 02:13:11.181');
INSERT INTO comments (id, card_id, author, body, posted_on) VALUES (65, 17, 'Vernie Brakus', 'Voluptas distinctio autem nisi. Qui quia rem. Ab nostrum id accusantium deleniti atque omnis deleniti praesentium. Non voluptas alias cumque aut.\n \nConsequatur doloribus et quo aut unde velit similique qui. Eos quia nihil error dolorum provident ipsum et aut. Tempora perferendis consequatur velit aspernatur possimus excepturi. Quos voluptas eos rerum fuga non necessitatibus qui.\n \nAsperiores nobis rem provident consequatur. Aliquam rem voluptas quibusdam animi nesciunt nobis magni. Nulla eum reprehenderit ad officiis voluptatum voluptate veniam voluptatibus. Officia fugit eos hic ea quos atque.', '2020-11-01 12:34:29.181');
INSERT INTO comments (id, card_id, author, body, posted_on) VALUES (66, 17, 'Yazmin Lockman', 'Exercitationem laboriosam molestiae illum cupiditate distinctio ex. Ut voluptas rerum fuga dignissimos eos vitae tempore. Ad libero sit. Rerum itaque eaque veniam illo quisquam magnam. Non atque repellendus itaque perferendis itaque. Est enim quaerat voluptatibus nihil non sunt nostrum ducimus optio.\n \nCumque nostrum consequatur ut. Rerum vero facere optio fugiat ut. Quam tempora asperiores et aut cum necessitatibus excepturi. Non voluptatem accusantium est qui tempora suscipit excepturi. Facilis distinctio qui error nesciunt. Officia non excepturi voluptatem ut.\n \nDebitis ab dolores dicta numquam vel neque ut repellat. Et deleniti voluptatem perspiciatis consectetur ut sint ad amet iusto. Tempora aut in unde occaecati tempore labore. Quibusdam sapiente nesciunt omnis veniam laudantium beatae velit dolorum est. Aperiam dolor quae aperiam aut recusandae quibusdam. Voluptas eos possimus.', '2020-11-01 12:50:43.181');
INSERT INTO comments (id, card_id, author, body, posted_on) VALUES (67, 17, 'Dayton Bednar', 'Reiciendis et praesentium et. Eaque ratione sunt nobis voluptas aliquid. Quo soluta et id illo deleniti quisquam cum. Quibusdam ut eos debitis ea. Nobis voluptas sit ipsum id nihil.\n \nInventore et aliquam facilis neque dignissimos. Vero ut et qui. Quis labore eum maxime.\n \nSit tempore et fugiat quis veritatis qui. Quia perferendis expedita atque saepe ex autem saepe. Ut nihil occaecati. Enim officiis quia consequuntur recusandae vero sed occaecati consequatur. Dolorem consequatur et minima sequi quod. Odio animi quo laboriosam culpa est.', '2020-11-01 17:12:19.181');
INSERT INTO comments (id, card_id, author, body, posted_on) VALUES (68, 17, 'Lucius Kemmer', 'Et nostrum sed molestiae quis magni facilis quo veniam. Neque nam laborum mollitia voluptatem mollitia. Eum omnis consequatur harum dignissimos sequi. Omnis a aut ipsam beatae voluptatem. Inventore alias eligendi exercitationem. Sequi dolores eos ut voluptate.\n \nSoluta rem repellat voluptatem. Quo et numquam quo vel sequi nemo. Eum velit id enim consequatur aliquam fugiat culpa non. Recusandae molestias quae quis. Debitis ut laboriosam suscipit adipisci blanditiis. Amet quos tempore occaecati.\n \nVoluptate explicabo et sit. Culpa quibusdam nulla consequatur veritatis quisquam enim ea praesentium. Accusantium iste qui distinctio est alias eos ad harum. Error voluptas occaecati accusantium. Et non dolor qui. Et et quos aliquid in tempora.', '2020-11-01 18:14:26.181');
INSERT INTO comments (id, card_id, author, body, posted_on) VALUES (69, 18, 'Ola Daugherty', 'Voluptates qui aliquam. Veniam eveniet porro repudiandae. Placeat ratione quo eveniet id aut itaque. Ut aliquam dolor suscipit alias voluptas est iusto explicabo earum. Voluptas numquam tempora culpa illo autem eos adipisci libero.\n \nDolorem eos voluptatibus veritatis occaecati dolorum aut. Quaerat similique alias illum. Aut beatae explicabo minus non esse officia est. Quasi dolor quis ut nisi atque ratione quidem. Mollitia dolorem ut velit a quo aut.\n \nPariatur vero sint id voluptatem eveniet sed. Ut quae dolor ad repudiandae eveniet eius. Neque quod maiores molestiae placeat. Libero tempora veritatis numquam ut. Est veniam eum quae aut tempore sint consequatur sunt.', '2020-11-02 05:46:53.181');
INSERT INTO comments (id, card_id, author, body, posted_on) VALUES (70, 18, 'Jordy Boyer', 'Commodi et expedita minus ipsa aut facilis fuga accusamus. Totam quaerat aut voluptatibus est in nisi voluptas quis. Dolores voluptatem fugiat sed praesentium quis. Temporibus quos aliquam animi quidem inventore velit. In iste itaque ut doloremque ratione totam porro dolor ut. Labore porro assumenda ut.\n \nSint consequuntur architecto. In praesentium provident qui hic placeat. Accusamus corrupti illum et dolorem itaque fugiat ab laborum. Corrupti ipsam dolores.\n \nFuga quisquam dolorem error perspiciatis enim. Quia expedita non exercitationem perferendis. Dolorum debitis non et eum error sequi expedita ex corrupti. Sapiente laboriosam reiciendis alias error est reiciendis molestiae quia reprehenderit. Maxime ex est.', '2020-11-02 11:04:47.181');
INSERT INTO comments (id, card_id, author, body, posted_on) VALUES (71, 18, 'Leonel Hyatt', 'Rerum aut laudantium illo accusantium in omnis esse aut ipsam. Doloribus esse vero natus. Praesentium molestiae mollitia alias ullam dolorem omnis consectetur doloremque dolor. Possimus omnis porro voluptas autem id.\n \nVoluptates est dolorem quasi repellat. Quia similique recusandae nostrum deserunt numquam rerum. Dolor quia est et est earum inventore eveniet dolores suscipit. Qui iure et amet veniam. Quibusdam dolor est maxime consequatur autem ut at nulla nulla. Tenetur deleniti necessitatibus iusto optio cumque.\n \nA quia nesciunt magnam laudantium. Accusantium voluptate incidunt. Quia rerum vero.', '2020-11-02 11:15:36.181');
INSERT INTO comments (id, card_id, author, body, posted_on) VALUES (72, 18, 'Gregorio Gerlach', 'Ex cumque adipisci. Eligendi dolore voluptatum amet quis et ab aut. Velit omnis sapiente.\n \nExercitationem natus recusandae deleniti nobis eligendi et dolor modi eos. Neque inventore expedita est. Praesentium quidem nam est cupiditate dolorem eum qui ullam. Recusandae autem tenetur. Tempore hic deleniti. Fuga nobis iste officiis explicabo.\n \nEt eos sint ut. Ut amet culpa deleniti voluptatum cumque. Consequatur et omnis. Nulla quia sed est mollitia possimus occaecati ullam cumque error. Ipsa exercitationem in. Tempore eum doloremque maiores et.', '2020-11-02 14:15:25.181');
INSERT INTO comments (id, card_id, author, body, posted_on) VALUES (73, 19, 'Geovanni Legros', 'Rerum maiores eligendi similique veritatis quas. Eum harum corrupti cupiditate modi cupiditate ut tempora laudantium. Aut nesciunt adipisci quisquam quas assumenda aut. Qui dolore facere modi qui quibusdam sequi. Aliquam consequatur sit accusantium. Nisi eos nesciunt neque aperiam.\n \nLibero maiores vitae sunt veniam. Non aut sit et ut eius architecto. Maiores fugit a natus qui porro vero molestiae vel. Dolor dolor ut maxime sit enim est libero doloremque. Voluptatem minima ea autem ad sint sequi.\n \nDistinctio dolores et voluptas autem possimus. Voluptatem sequi in reprehenderit dolorem architecto minima ipsam. Voluptatem velit quis. Assumenda quia et at eos rerum illum voluptates illum. Quidem veritatis veritatis expedita qui in incidunt. Quibusdam mollitia at expedita et culpa dolor.', '2020-11-02 18:42:47.181');
INSERT INTO comments (id, card_id, author, body, posted_on) VALUES (74, 19, 'Stefan Feil', 'Porro pariatur rerum corporis fuga doloribus tempora earum et. Voluptas aspernatur nemo blanditiis omnis nam recusandae sint. Sunt nisi rerum doloremque temporibus non. At suscipit natus autem deserunt maiores.\n \nCulpa maiores eum fugiat illo quidem alias tempora earum et. Est et tempore amet esse eius reprehenderit. Aut impedit atque vero aut architecto. Qui voluptatem fuga corrupti sapiente. Perferendis reiciendis occaecati aut non voluptas ut. Qui sed ea pariatur voluptatem molestiae dolor.\n \nNon provident soluta ducimus sunt sed corrupti et. Id odit provident porro quam consequuntur. Deserunt laborum reiciendis provident eos dicta magnam unde aspernatur delectus. Placeat vel occaecati aut nostrum tenetur voluptate. Iure in totam quod qui exercitationem impedit accusamus sint.', '2020-11-02 20:53:57.181');
INSERT INTO comments (id, card_id, author, body, posted_on) VALUES (75, 19, 'Helen Cummerata', 'Incidunt doloribus sed voluptas dolor maiores eveniet officiis. Provident suscipit qui nobis assumenda voluptatem sint ut perferendis ut. Saepe doloremque itaque similique ad qui. Et eaque dignissimos.\n \nSit eveniet tempore possimus enim. Quia quam omnis sequi itaque qui. Est perspiciatis omnis sit eius nobis sint et. In et ipsa.\n \nEt possimus perferendis. Facilis a tempore dolor consequatur dignissimos quo ut incidunt natus. Nulla et non culpa sunt. In iste aliquid vero quia qui illo velit esse. Esse ipsa cumque.', '2020-11-02 21:12:31.181');
INSERT INTO comments (id, card_id, author, body, posted_on) VALUES (76, 19, 'Jennifer Orn', 'Vero autem occaecati in nesciunt dolores quia eligendi quia soluta. Assumenda ducimus debitis voluptatibus laudantium. Deleniti magnam esse corrupti iusto cupiditate maiores omnis inventore.\n \nIste nihil autem earum autem. Culpa est ullam voluptates voluptas nesciunt nihil voluptates quae omnis. Nulla voluptatem velit. Aut doloremque sapiente blanditiis qui quia placeat tenetur commodi. Voluptate perspiciatis et ullam. Fuga quia vel ut distinctio.\n \nQui quia facere sint incidunt facere id accusamus odit ut. Hic est quo ipsum ipsum qui in repellat eum omnis. Ea molestiae eum consequatur quisquam quia tempora. Quas modi odio qui porro aut et. Quam eos unde est placeat quos sapiente illum sunt error. Eaque fuga possimus id voluptatem mollitia.', '2020-11-03 02:39:53.181');
INSERT INTO comments (id, card_id, author, body, posted_on) VALUES (77, 20, 'Alverta Kuphal', 'Omnis vel ad qui ut quam illum voluptas aliquam. Doloribus ratione sit ut commodi iste atque est et qui. Omnis id ut magnam sit commodi sit ullam illum. Non in beatae sit minima et quis fugiat et. Nulla a autem quia totam voluptas tempore.\n \nUllam deserunt quidem quis dolor ea. Sit omnis est odit culpa. Illo sint doloremque. Aliquid est delectus earum non expedita. Eaque aut et aperiam nobis officia quod eos nesciunt sunt. Vitae asperiores quia earum et deleniti ut.\n \nDolores enim non reprehenderit. Officia molestias totam molestias et. Hic dolores repellendus voluptate. Explicabo velit nemo et culpa reiciendis. Fugit quasi mollitia iusto nobis.', '2020-11-03 09:31:57.181');
INSERT INTO comments (id, card_id, author, body, posted_on) VALUES (78, 20, 'Bianka Braun', 'Dicta inventore eum velit. Aut eos cumque. Cumque temporibus magni vel consequatur asperiores officiis. Qui eum quod similique dolorem possimus non nesciunt delectus quia. Consequatur iste molestiae. Ipsum voluptatibus quasi non praesentium quia facere quia.\n \nLibero perferendis hic ab adipisci dignissimos quisquam nesciunt. Qui voluptatibus accusamus fugit possimus deserunt ut et eum. Quae minima voluptatem sit delectus. Illum rerum voluptatem qui est commodi laborum. Consectetur dolorem quae ducimus consectetur vitae saepe nihil.\n \nNam voluptatibus pariatur saepe et expedita accusamus consequatur quae eligendi. Autem magnam quibusdam omnis quis. Reiciendis perspiciatis sit magni illo. Mollitia eos nobis officia sint neque ea.', '2020-11-03 16:21:54.181');
INSERT INTO comments (id, card_id, author, body, posted_on) VALUES (79, 20, 'Joana Stehr', 'Accusamus ut autem soluta fugiat ullam qui autem quae. Aut maiores saepe. Ratione enim iste nam.\n \nVoluptatum omnis corporis. Tenetur inventore et labore quisquam omnis omnis. Recusandae perspiciatis aut nisi illo enim quia nihil iusto ex. Aspernatur animi voluptatem tempora aspernatur cumque.\n \nEum quo ex nobis nihil tempore hic perspiciatis corporis. Id qui ut ea. Eos dicta vel nulla.', '2020-11-03 17:41:28.181');
INSERT INTO comments (id, card_id, author, body, posted_on) VALUES (80, 20, 'Myrtis Waters', 'Quis corrupti non molestiae non corrupti hic qui at eveniet. Ex mollitia esse quaerat saepe. Nesciunt voluptatem veritatis. Totam sit voluptas commodi accusamus nesciunt non ullam.\n \nDebitis quae aut eaque. Ut quia qui sed officia enim et voluptatem qui. Quia quia aut facilis dolore. Quia deleniti in omnis rerum a rerum tempora.\n \nEum vero maiores iste qui laborum. Ab dolorum eaque error voluptas aliquam tempore repudiandae. Quibusdam cumque exercitationem temporibus. Tempore vel et sint cumque porro. Provident autem nulla.', '2020-11-03 19:37:20.181');
INSERT INTO comments (id, card_id, author, body, posted_on) VALUES (81, 21, 'Alysa Schamberger', 'Assumenda culpa consequatur occaecati aut consequatur dignissimos quia voluptatem molestiae. Dicta recusandae deleniti dolores non autem doloribus dolorem. Aut hic aut ab. Officiis est quibusdam dolores beatae molestias beatae sit ut quia. Perferendis consequatur accusantium velit error non fugiat.\n \nAliquid nihil sed assumenda modi voluptatem. Id in ipsum doloremque dolorem quo iusto adipisci quasi. Praesentium aspernatur quo quia qui occaecati repudiandae quis et in. Nihil ut facilis similique.\n \nMollitia dolorum sunt aperiam nihil ullam ipsum exercitationem quam. Voluptatibus odio recusandae ab dolores. Illo quis nulla est et. Laudantium odio quia pariatur in vel aspernatur.', '2020-11-04 00:12:18.181');
INSERT INTO comments (id, card_id, author, body, posted_on) VALUES (82, 21, 'Jerad Baumbach', 'Vel voluptas et aliquid repudiandae. Sequi ut non et ut sit et perferendis voluptas harum. Quia sed consequuntur.\n \nQuibusdam quia mollitia. Mollitia doloribus nobis repellendus. Mollitia suscipit libero tenetur autem doloremque molestias quis nisi.\n \nOdit culpa qui consequatur delectus enim odio cum. Non aspernatur voluptas reprehenderit delectus sit voluptas et et. Hic inventore rerum omnis qui ab quis vero adipisci debitis. Sunt dolor optio et recusandae nisi est nobis quia.', '2020-11-04 04:41:14.181');
INSERT INTO comments (id, card_id, author, body, posted_on) VALUES (83, 21, 'Edd Veum', 'Repellendus perspiciatis quia necessitatibus consequatur cum. Deleniti velit officia optio aut temporibus ex nihil et. Quia iure nisi eligendi. Necessitatibus voluptatem et. Tenetur voluptatem sint accusantium vel fugit.\n \nMagni dignissimos incidunt ut sint officia. Aut at voluptatem veniam voluptas saepe. Fugiat totam ut. Rem quia iure rem est alias commodi error.\n \nSimilique neque adipisci amet porro exercitationem iusto. Ratione praesentium in et impedit. Et qui eos enim et itaque beatae ducimus culpa velit. Unde aut quos ut consectetur.', '2020-11-04 08:28:31.181');
INSERT INTO comments (id, card_id, author, body, posted_on) VALUES (84, 21, 'Dino Bailey', 'Quod blanditiis nisi labore accusantium. Ut laboriosam occaecati expedita fugit minima aut. Aut itaque unde laudantium adipisci error et ex.\n \nVero quo quis consequuntur facilis. Adipisci quis placeat qui eos voluptatem ut qui officia. Maxime adipisci qui expedita. Quia et a sed eaque ex officiis magnam fugit. Corporis sequi eius unde debitis voluptatem laborum odit occaecati quis.\n \nRepellat doloremque quidem qui harum ullam quas. Totam delectus qui vitae magni quia quia. Nulla nostrum blanditiis. Nihil omnis est ipsa vel eum ea. Velit assumenda accusamus eum exercitationem.', '2020-11-04 15:04:56.181');
INSERT INTO comments (id, card_id, author, body, posted_on) VALUES (85, 22, 'Clark Mann', 'Eum dolor voluptas velit ut. Error est aut quia architecto adipisci aut est. Delectus est et totam nobis. Aut repellat ut. Sed ea natus esse voluptatem minus ad voluptas aut. Dolore dolores iusto aliquam quis repellendus.\n \nUt iusto ex est. Ratione vel ab alias quasi ut natus. Totam ut eaque iusto dolor incidunt.\n \nOmnis doloremque sit ipsum eos dignissimos. Dignissimos ut sequi at illum. Et unde molestiae culpa.', '2020-11-05 00:38:58.181');
INSERT INTO comments (id, card_id, author, body, posted_on) VALUES (86, 22, 'Maiya Kuhlman', 'Itaque aut saepe adipisci expedita. Fugit veritatis et laboriosam a quos quam tempore enim nihil. Aut dolores asperiores iste.\n \nEos enim dolorem maxime similique. Sit est tenetur doloribus. Mollitia veritatis totam est sequi enim iure sit quod. Et cumque quia quidem. Rerum odit blanditiis.\n \nLaudantium dolor voluptatem molestiae quod dolorem ipsum. Sint quo sed illo et. Consequatur nobis quaerat nemo quod. Omnis itaque nemo error voluptatibus. Doloremque voluptatum repudiandae non repellat. Eum porro molestiae.', '2020-11-05 01:18:58.181');
INSERT INTO comments (id, card_id, author, body, posted_on) VALUES (87, 22, 'Victoria Oberbrunner', 'Voluptatem accusantium sunt suscipit consequatur non. Et et eum aliquam unde quidem odit. Vero velit est eaque quia qui provident mollitia asperiores voluptatem. Autem dolor sit aut facere sint et voluptatum non laudantium.\n \nSint perferendis voluptatem et consequatur et corrupti dignissimos amet. In molestias est expedita necessitatibus quam recusandae. Id autem quae provident et ratione repellendus eos delectus. Impedit pariatur praesentium et aliquam ea commodi. Non omnis culpa et eos ex dicta vel aperiam. Unde et beatae optio.\n \nAnimi sit dicta provident iste quod in qui non. Est beatae impedit velit eveniet corporis enim. Voluptas rerum rem quo et sequi aut alias.', '2020-11-05 02:17:15.181');
INSERT INTO comments (id, card_id, author, body, posted_on) VALUES (88, 22, 'Rashad Koelpin', 'Numquam distinctio autem perspiciatis esse ea autem. Molestiae aut magni ducimus enim sunt perferendis voluptates ab. Assumenda odit officiis deserunt ducimus praesentium optio necessitatibus veritatis a. Illo voluptatem esse id et. Quia facere aut quia tempora ipsa at numquam quia inventore. Facilis molestias cum similique assumenda nesciunt et consequatur voluptatem et.\n \nQuis neque id et voluptate nihil nam ex libero quasi. Quisquam consequatur in. Soluta ut ducimus optio iusto qui commodi. Quibusdam quibusdam molestiae iusto laudantium ad temporibus vero necessitatibus.\n \nInventore dolorem et ducimus ea doloremque sunt necessitatibus. Optio et et aut non sit in eveniet. Ab voluptatum sint quia.', '2020-11-05 08:32:20.181');
INSERT INTO comments (id, card_id, author, body, posted_on) VALUES (89, 23, 'Alvah Vandervort', 'Sit et aut. Quia et illum velit soluta. Est veniam eligendi aperiam dolor. A voluptas provident.\n \nMolestias at quia excepturi. Voluptas quos nam sapiente quam qui quae. Ut voluptas sunt est quis quas voluptatibus tempore voluptatem voluptatem. Quisquam aut et voluptatem nobis rem. Debitis exercitationem et voluptas iure eum officiis. Autem eos omnis enim blanditiis est.\n \nAtque ad modi quo doloribus assumenda voluptate sit porro quia. Aliquam commodi aut qui dolor ducimus fugiat. In optio qui nobis quo. Placeat quae et laboriosam sit occaecati in voluptatem repellat. Ut nobis accusamus quia. Aliquam dignissimos officiis dicta.', '2020-11-06 00:23:55.181');
INSERT INTO comments (id, card_id, author, body, posted_on) VALUES (90, 23, 'Gerard O''Kon', 'Maiores et autem recusandae a. Eveniet ut illo ex tenetur quis dolorem ratione distinctio. Eaque numquam et natus ut tempore consequatur. Qui quis et dolorum iste sapiente. Repellendus voluptatem accusantium voluptates sit sit. Unde aut doloribus nihil consequuntur atque nesciunt et.\n \nQuidem quaerat quo corporis perferendis aperiam. Quis qui quod nemo non et. Vitae molestiae velit fuga nam culpa ut illum autem. Dolores vel sed omnis et quae architecto a et. Amet qui nostrum rem autem molestiae.\n \nQui quis ut labore dolor sed quos saepe. Fugiat sed sequi enim. Ex voluptatem veritatis ab atque quaerat aut a voluptas doloribus. Qui aut voluptas architecto recusandae. Voluptatem adipisci animi perspiciatis voluptatem eius.', '2020-11-06 01:32:10.181');
INSERT INTO comments (id, card_id, author, body, posted_on) VALUES (91, 23, 'Tina Lind', 'Architecto deserunt iure quod et illum est at vel. Voluptatem dolores ut maxime. Id est ab eveniet et quis. In quo totam dolores. Quia qui cumque ipsam veniam aut ducimus qui consequatur.\n \nVitae voluptas placeat aperiam impedit. Ipsa ut expedita possimus et itaque quas. Sit incidunt ullam neque voluptatum ullam sit accusantium atque fuga.\n \nUt explicabo rerum explicabo est aut iste et. Exercitationem voluptatem enim. Qui sint delectus culpa autem rerum atque.', '2020-11-06 08:30:27.181');
INSERT INTO comments (id, card_id, author, body, posted_on) VALUES (92, 23, 'Schuyler Bechtelar', 'Deserunt quam natus. In voluptatem pariatur suscipit quibusdam nihil laboriosam id nihil temporibus. Alias nemo molestiae laudantium quos qui sit illo adipisci. Sint ea est. Deleniti et fugiat temporibus debitis quaerat tempora aut illum dignissimos. Tempore non cupiditate ducimus alias fugiat nostrum magni.\n \nNecessitatibus deserunt et. Doloremque quia nesciunt sunt reprehenderit eos recusandae voluptas. Accusantium nemo enim optio facere harum dicta.\n \nAliquam veritatis mollitia. Similique est et quas non reiciendis et. Nulla sunt facere accusantium eos eum necessitatibus. Et velit et alias. Officia qui autem accusamus.', '2020-11-06 12:02:47.181');
INSERT INTO comments (id, card_id, author, body, posted_on) VALUES (93, 24, 'Orion Funk', 'Quibusdam voluptatem impedit ut non et voluptas. Et molestias maxime ut architecto. Laborum et dolores non et eos enim. Consequatur quidem est tenetur odit amet ut sint.\n \nVoluptatibus consequuntur enim distinctio corporis sit distinctio labore voluptatem. Aut et id qui sunt placeat suscipit qui. Natus aut aut quibusdam. Magnam est dolores. Quaerat mollitia tempore sunt excepturi beatae mollitia corrupti incidunt dolores.\n \nConsequatur eos quis ut eos ad ipsam beatae. Eaque minus ut et ut et. Voluptatem exercitationem facere.', '2020-11-07 03:56:51.181');
INSERT INTO comments (id, card_id, author, body, posted_on) VALUES (94, 24, 'Jackson Flatley', 'Deserunt qui non quod. Culpa molestiae laboriosam sit voluptatem fugit corporis. Quibusdam suscipit voluptatem molestiae.\n \nProvident non ab. Alias repudiandae consectetur eos ducimus dolorem eos. Fugit at et. Voluptatem nihil laudantium.\n \nQui quis rerum. Praesentium nisi dolores ipsam nemo velit odio sequi amet. Ut similique aspernatur modi ut harum sequi. Similique pariatur temporibus assumenda iste omnis et debitis ipsum autem.', '2020-11-07 06:49:24.181');
INSERT INTO comments (id, card_id, author, body, posted_on) VALUES (95, 24, 'Earnestine Beer', 'Omnis eligendi quis voluptatibus fuga voluptatibus numquam ea. Officiis molestiae quia in. Ut ipsum et qui. Ipsam sequi tempore et et omnis quae iusto perspiciatis molestiae. Aut minima aspernatur expedita corporis velit pariatur est eum.\n \nVoluptatem iste a autem id nam voluptate quasi et excepturi. Vitae minima magni eos consequatur non explicabo aperiam. Odio necessitatibus consequatur quia ipsa eius voluptate. Sed est et placeat est. Excepturi consequatur vitae ut ut tenetur.\n \nOptio in qui ad. At ex aut omnis ipsum sint accusantium aspernatur. Ut hic corporis asperiores fuga.', '2020-11-07 07:28:12.181');
INSERT INTO comments (id, card_id, author, body, posted_on) VALUES (96, 24, 'Cristian Ebert', 'Omnis quidem voluptatem error perferendis cum aliquid iste veniam qui. Voluptatibus minus nostrum a qui voluptatem delectus reprehenderit quo. Labore rerum maiores officia quo blanditiis impedit ut voluptatem. Rerum qui blanditiis eum qui.\n \nRerum excepturi et animi nesciunt adipisci ipsam inventore consequuntur. Quasi amet omnis iste voluptatem at architecto est pariatur est. Qui saepe quia qui aspernatur quisquam sit. Aut reiciendis maxime qui omnis ea commodi. Cumque amet alias rerum sequi sunt dolore dignissimos.\n \nDeserunt soluta veritatis et voluptas dolores quia omnis error sit. Corporis maxime temporibus ea consequuntur. Eos autem eaque aut autem et tempore. Veritatis et accusamus et soluta in quos molestias laboriosam quis.', '2020-11-07 07:33:44.181');
INSERT INTO comments (id, card_id, author, body, posted_on) VALUES (97, 25, 'Julian Muller', 'Rerum id saepe. Illum doloremque magni quisquam est voluptate quos nemo iste qui. Amet id eveniet possimus totam molestias qui quas molestiae.\n \nConsequatur veniam deserunt error recusandae cum et. Sequi illum et sint alias. Consectetur non magnam autem est error ut. Et in non et esse odit voluptatum fugit magnam ipsum. Optio maxime ipsa provident possimus magnam consectetur eos exercitationem beatae. Non voluptatem quos modi saepe soluta.\n \nIste hic molestiae delectus nihil ut sit. Laboriosam repudiandae reiciendis nemo doloribus doloribus id omnis ut similique. Dolore et amet culpa nesciunt inventore laudantium. Maiores est vel reiciendis minima et.', '2020-11-07 23:29:10.181');
INSERT INTO comments (id, card_id, author, body, posted_on) VALUES (98, 25, 'Brandy McCullough', 'Consequuntur ad illum impedit blanditiis voluptas mollitia. Similique ipsam est deleniti rerum quas iure non. Voluptates quo est et ut.\n \nSed rerum iusto non dolore doloribus. Vitae doloremque dolorem rerum consequuntur molestiae quia. Ex qui omnis nisi temporibus provident perspiciatis id nam suscipit. Quis ut eius ut animi molestiae quas. Ipsum quisquam eligendi aut voluptatem eveniet omnis vero omnis. Ea dicta eum officiis doloremque alias commodi tempore.\n \nDoloribus tempora et eaque facere. Minus voluptas excepturi. Cum et in cupiditate fugiat aut doloremque. Dolor sed et a commodi saepe libero. Architecto nihil similique magni voluptate neque aut sit. Odio excepturi iusto doloremque.', '2020-11-08 00:57:04.181');
INSERT INTO comments (id, card_id, author, body, posted_on) VALUES (99, 25, 'Chase Okuneva', 'Omnis qui dolorem id sit doloribus a doloribus. Et vel ipsum laborum. Animi deleniti nulla. Et porro ad debitis error ipsum necessitatibus aut saepe numquam. Quod expedita commodi sed voluptas possimus. Doloribus illum et laborum deleniti.\n \nNam similique dolorem doloribus molestias culpa qui. Eaque accusamus error. Et qui laboriosam ea commodi laborum dignissimos. Saepe sunt debitis. Dolorum occaecati delectus voluptatem similique sunt minima hic deserunt. Sint rem possimus dolorem architecto id explicabo.\n \nInventore nobis itaque quia. Illum sunt animi repellat quasi nostrum quo quasi. Libero in odio incidunt. Consequatur incidunt et nulla unde fugiat ipsum aspernatur.', '2020-11-08 07:44:38.181');
INSERT INTO comments (id, card_id, author, body, posted_on) VALUES (100, 25, 'Odie Lemke', 'Dicta sint dolores veritatis quia impedit quo iste. Harum soluta commodi sed perspiciatis. Rerum minima debitis. Nostrum veniam temporibus sint quia.\n \nEst et a asperiores culpa doloremque. Voluptatibus beatae officiis ex animi odio omnis est. Doloribus sequi ex eos aut ab. Ea aut natus accusantium. Doloribus itaque est modi aliquam alias est sed tempora veniam. Sequi non temporibus architecto nulla repellendus praesentium culpa reprehenderit.\n \nVoluptates sed corporis expedita illo. Quisquam et aperiam perspiciatis aut dolores itaque et. Aliquam nam alias voluptatem ea eaque cum reiciendis et quam. Fugiat aut molestiae nam et eligendi sit et. Distinctio quos nam in dicta et voluptatem consequatur quam enim.', '2020-11-08 14:08:20.181');
INSERT INTO comments (id, card_id, author, body, posted_on) VALUES (101, 26, 'Muhammad Murray', 'Voluptatem illo iste aut ea omnis blanditiis voluptate porro. Odit sed omnis adipisci nihil voluptas. Molestiae vel praesentium eum. Accusamus hic optio et aliquam quia quia modi non.\n \nEnim ut rerum voluptas numquam. In culpa voluptate laboriosam numquam. Quod labore reprehenderit consequatur quisquam ab exercitationem qui corrupti. Amet dolor dolores qui est omnis dignissimos et veritatis est. Ea qui totam possimus aut.\n \nEst voluptas sunt. Est dolor commodi. Possimus sequi id. Voluptas est nemo quas inventore alias atque. Voluptate ut ratione ut quaerat cum quia iusto corporis id. Expedita sed quo numquam molestias similique explicabo voluptate est.', '2020-11-08 21:07:56.181');
INSERT INTO comments (id, card_id, author, body, posted_on) VALUES (102, 26, 'Sam Murphy', 'Sequi voluptatem autem fugiat necessitatibus consequatur rem minima placeat ducimus. Doloribus architecto corporis non sunt in. Autem soluta dolores reiciendis. Et eum nihil voluptates beatae et et impedit.\n \nAperiam rerum ab odio voluptatem ut quis. Et amet et iste doloremque odio molestias fugit. Aut ea quas deleniti aut eum autem.\n \nQuo et ea doloremque cumque facilis sed ab quas. Dolorem ipsum et aut voluptas. Voluptas est non est dolores voluptate autem.', '2020-11-09 03:31:44.181');
INSERT INTO comments (id, card_id, author, body, posted_on) VALUES (103, 26, 'Robbie Douglas', 'Velit aspernatur esse excepturi eos amet ducimus fugiat qui. Odit qui doloribus fugiat officia in neque necessitatibus. Sunt veritatis eum vero distinctio delectus dolore quisquam quisquam. Maiores voluptas minus laboriosam sequi. Accusantium quo est placeat beatae eaque. Placeat est ut dolorum consequatur suscipit nobis.\n \nMolestiae eos reiciendis provident iusto cupiditate perferendis voluptatem harum quis. Eius repellat ipsam consequatur ratione. Optio numquam error facilis dolorum nihil. Et aspernatur atque ut optio quis.\n \nUt aspernatur distinctio eum rerum et et reiciendis. Enim enim ad mollitia. Et nisi quia rerum aliquid quia autem aliquid in. Tenetur a et fuga tempora error ex. Voluptas non dolores cupiditate iste ex sequi consequatur.', '2020-11-09 09:26:59.181');
INSERT INTO comments (id, card_id, author, body, posted_on) VALUES (104, 26, 'Sydni Crist', 'Cumque rerum dolores qui quia et totam. Fuga qui iusto sequi quo. Omnis libero aut quibusdam.\n \nDelectus aspernatur sed soluta sint velit asperiores. Asperiores aut nobis voluptas quod consequatur nemo laborum. Quidem voluptatem et cupiditate. Aut sint tempore perspiciatis. Omnis quia laborum sunt.\n \nQuia quasi quia repellat impedit quam. Omnis voluptatem ipsam tempore impedit quisquam culpa ducimus. Molestias ea officiis modi illo non animi expedita suscipit.', '2020-11-09 15:05:45.181');
INSERT INTO comments (id, card_id, author, body, posted_on) VALUES (105, 27, 'Diego Gerlach', 'Inventore hic quos illum esse totam. Autem temporibus blanditiis maxime cum in et sunt sed animi. Qui repellendus doloribus. Tempore rerum numquam sunt aut voluptatem ullam ut at modi. Quos itaque aperiam et consequatur nemo cum ut.\n \nQuam nihil corrupti repudiandae facilis iure repellat est aut sit. Quasi soluta ut qui sapiente. Earum minus est reprehenderit sint.\n \nDistinctio nostrum ea minima nulla assumenda error. Voluptatem et nulla temporibus similique maiores. Quaerat repellendus alias similique et autem. Cupiditate itaque est nihil.', '2020-11-09 22:08:23.181');
INSERT INTO comments (id, card_id, author, body, posted_on) VALUES (106, 27, 'Elza Cronin', 'Repellendus et ea consequuntur omnis neque. Dolorem consectetur harum magni quaerat fuga dolorem neque. Aut aut delectus veritatis. Non consequatur illo.\n \nAspernatur quos nemo sequi quod debitis quo et molestiae non. Qui laudantium molestiae aspernatur ut voluptates error molestiae quaerat. Odit dolores sint accusantium. Placeat porro veniam doloribus quibusdam quis enim sunt suscipit rerum.\n \nMolestias quaerat impedit expedita sint optio ducimus voluptas. Et officiis ea optio et. Vero ut debitis vero enim libero ipsa et ut consequatur.', '2020-11-09 22:12:05.181');
INSERT INTO comments (id, card_id, author, body, posted_on) VALUES (107, 27, 'Tod Sipes', 'Soluta unde porro quia quae neque sed qui quidem. Impedit omnis temporibus tempora hic ipsam voluptas sunt dolorum. Nemo qui labore quidem. Quae magnam voluptas molestiae est architecto id iure ullam reiciendis. Voluptas veniam placeat animi rerum laboriosam dolores. Unde id asperiores et aliquam et veniam.\n \nFacere enim reprehenderit similique exercitationem esse. Explicabo ab accusantium magnam excepturi reiciendis necessitatibus. Perspiciatis voluptas repellendus consequuntur est iste voluptatem voluptatem animi. Non animi velit soluta perspiciatis veritatis facilis et sunt. Non aut voluptas minus nisi doloribus incidunt a tenetur quia. Dolores dolorem quaerat eos.\n \nEa aliquam aspernatur ea non fuga nam distinctio. Perspiciatis mollitia sapiente laudantium ut unde dolores nesciunt eveniet quis. Facilis deserunt accusamus.', '2020-11-10 03:49:20.181');
INSERT INTO comments (id, card_id, author, body, posted_on) VALUES (108, 27, 'Guy Wilkinson', 'Sint aut in et aut. Facilis veritatis reiciendis. Laboriosam quas veniam minus provident dignissimos autem. Assumenda et nulla ut et. Dolorem rerum iure ut qui ullam ad est pariatur. Corrupti porro id.\n \nImpedit fugit animi nam voluptate. Voluptatibus qui consequuntur quisquam neque qui nihil. Neque temporibus sapiente sit ratione dolor.\n \nMaxime eos quis ut dolorum eius. Suscipit nihil voluptatem nulla voluptatem est provident soluta maiores. Ducimus tenetur aliquid esse fugiat aut officia reprehenderit. Doloribus itaque provident quibusdam aut qui nemo magni in impedit. Est distinctio accusamus deserunt sint quas. Ipsum rerum ipsum quasi facere omnis.', '2020-11-10 07:58:05.181');
INSERT INTO comments (id, card_id, author, body, posted_on) VALUES (109, 28, 'Jayda Rempel', 'Quas hic velit repudiandae. Repellat aut reiciendis est error ut voluptatem quia. Id rerum et. Cum et quis magnam pariatur eum et voluptas. Veritatis sapiente omnis quia dolores. Hic velit rerum quis esse facilis qui et eum.\n \nEa pariatur sed aut voluptatum dolore voluptate tempora. Voluptatem sunt expedita minima illum laudantium. Non aut ut omnis tempore. Sint non incidunt eligendi. Enim qui qui.\n \nNulla illum et nobis repudiandae molestiae possimus voluptatem libero. Et impedit quaerat quidem labore id quibusdam illum rerum. Consectetur aut omnis architecto pariatur mollitia voluptatem ut quos.', '2020-11-10 16:54:59.181');
INSERT INTO comments (id, card_id, author, body, posted_on) VALUES (110, 28, 'Sheila Reichert', 'Recusandae neque et. Quis dolor est nihil quo cum. Velit exercitationem laudantium unde velit nesciunt.\n \nLaborum provident ut vitae est delectus velit. Dolorem enim dolorem aut qui harum et dolorum. Error quisquam quam in cupiditate velit mollitia necessitatibus. At neque nobis facilis. Aut in inventore consectetur quaerat sint. Dolore necessitatibus ratione.\n \nSit magnam deleniti sequi et itaque. Voluptatibus deleniti nihil voluptatibus aut fugiat. In ut impedit. A natus ducimus enim qui culpa dolor.', '2020-11-10 21:39:27.181');
INSERT INTO comments (id, card_id, author, body, posted_on) VALUES (111, 28, 'Buck Berge', 'Vel dolorum voluptas assumenda. Eius aliquid est. Necessitatibus eos vel qui dignissimos eveniet rerum quia voluptatibus. Omnis ullam iusto quaerat qui. Praesentium sed soluta. Modi amet in atque suscipit quis veniam vel vero.\n \nEst impedit vel consequatur omnis inventore beatae. Molestiae optio fugiat animi velit inventore consequatur impedit et sapiente. A iste maxime aut voluptas sint deserunt.\n \nExcepturi aperiam et. Sit dolor ut aut laboriosam. Dolore et id odio id quia iusto sit delectus dolores. Esse reiciendis nostrum nulla possimus rerum rem. Eveniet natus voluptatum consequatur ab dignissimos vitae sit rem fuga.', '2020-11-11 04:40:11.181');
INSERT INTO comments (id, card_id, author, body, posted_on) VALUES (112, 28, 'Tyshawn Gorczany', 'Nobis alias quidem laboriosam. Possimus quos officia qui aperiam possimus ullam accusamus minima. Maiores consequatur vel accusantium et.\n \nArchitecto et corporis quos ullam ea officia. Doloremque alias eaque quia quia dolores est. Dolore voluptate qui optio unde provident quos dicta. Voluptas consequuntur quia maxime quos consequatur ut voluptate.\n \nDolores nisi necessitatibus qui dicta beatae neque qui laudantium. Error sed rem. Voluptas tempora et rerum mollitia dolorem illum cum quasi. Aut veniam aut dolores non corporis modi neque.', '2020-11-11 09:32:57.181');
INSERT INTO comments (id, card_id, author, body, posted_on) VALUES (113, 29, 'Matilda Mante', 'Dolore est aliquam voluptate facere. Nesciunt amet voluptatem eum assumenda ea praesentium ex. Eos perferendis impedit cumque ut consequatur ipsam eveniet sunt provident. Libero ut maxime saepe et. Eligendi rerum sit.\n \nAspernatur est reprehenderit ut quia et. Ea libero eius aspernatur laboriosam voluptatem numquam. Neque sed quo nostrum. Eius odio ad ratione ducimus officiis officiis molestiae.\n \nFugit vel id magnam nihil soluta. Quaerat ut tempora ipsum et consequatur in porro iusto. Magnam et aut qui repudiandae. Cupiditate eligendi sit atque qui est similique.', '2020-11-11 22:07:08.181');
INSERT INTO comments (id, card_id, author, body, posted_on) VALUES (114, 29, 'Hassan Lockman', 'Dicta deserunt molestias possimus quidem accusantium eum nesciunt ullam esse. Perferendis quasi eveniet qui qui ducimus praesentium ipsam voluptatem voluptatem. Voluptatem et et est dolorem enim et aperiam doloribus. Provident aut cupiditate similique dolores. Ut magnam sunt possimus ea quia. Ex provident ipsam sunt ullam aut ratione ea.\n \nError et harum. Esse eos blanditiis officiis esse sed consequatur quis magnam rem. Est unde ullam ut aut quibusdam omnis. Velit incidunt voluptas fuga voluptatem. Libero debitis esse non.\n \nEst qui fugit. Rerum est totam doloremque similique. Alias rem omnis. Commodi aut quo quasi aut nulla aperiam aliquam molestiae et. Nihil beatae itaque enim delectus at omnis ipsam non velit. Sunt quibusdam saepe corporis accusantium suscipit qui.', '2020-11-11 22:16:14.181');
INSERT INTO comments (id, card_id, author, body, posted_on) VALUES (115, 29, 'Lamar Hegmann', 'Dolorem ab sunt placeat sequi quo voluptatibus. Suscipit aliquid aut suscipit quasi delectus. Est temporibus aut est sit laborum ipsa praesentium ut et.\n \nVoluptatum non quia animi quaerat sit voluptatem nisi. Eveniet voluptatem corrupti. Provident nemo mollitia. Nihil sunt maxime velit voluptas ipsum.\n \nDolor quo totam saepe qui. Fuga est eligendi possimus. Vero eum totam ab quam exercitationem explicabo eaque dolor. Quam rerum ex ullam suscipit in et. Quos ducimus sit voluptas blanditiis fuga sunt cum ut voluptas.', '2020-11-12 03:04:07.181');
INSERT INTO comments (id, card_id, author, body, posted_on) VALUES (116, 29, 'Elinore Okuneva', 'Pariatur consequuntur tenetur perferendis itaque omnis ab consectetur. Quos inventore eos. Dolores repellendus aut quas vitae labore quam.\n \nDolorem nihil minima et dolorem nulla. Nihil ut vitae voluptas. Ut suscipit optio dolor non. Soluta similique id illum aut saepe.\n \nDicta doloremque inventore voluptas ipsa et. Eveniet asperiores aut omnis vel molestiae. Reiciendis dolorum cupiditate. Corporis minima sint veritatis sit culpa aut consequuntur soluta. Tempora voluptatibus ipsum aut sequi voluptatem vel ut sint. Et odio perspiciatis quae aut sapiente nihil vero molestiae.', '2020-11-12 03:53:36.181');
INSERT INTO comments (id, card_id, author, body, posted_on) VALUES (117, 30, 'Nick Hahn', 'Veniam perspiciatis molestiae quia. Nobis fugiat qui ad est molestiae eligendi at. Aut exercitationem assumenda dolor reiciendis voluptatem eum porro. Nobis ab quia similique rerum velit esse sint asperiores. Alias id cumque. Ad aut voluptates accusantium esse molestias.\n \nVeniam vel quas quibusdam quo unde mollitia laboriosam. Tempora labore consequatur ipsum provident consequatur ad eveniet rem. Voluptas eos est. Corporis deserunt itaque provident aut aperiam maiores veritatis perspiciatis quae. Numquam in est eius at in fuga totam.\n \nOfficiis alias recusandae magnam et exercitationem illum porro quasi et. Dolor nihil incidunt consectetur aut et et autem eos ut. Cum aut sint.', '2020-11-12 18:51:49.181');
INSERT INTO comments (id, card_id, author, body, posted_on) VALUES (118, 30, 'Kip Considine', 'Amet sit voluptas rerum. Ipsam illum assumenda est. Molestias perferendis similique. Amet maxime dignissimos officiis minus nihil enim. Ad sit reprehenderit nulla velit dolores rem et et.\n \nNon debitis deleniti eos nemo et maiores facere et natus. Ab quo hic et magni dolorem labore. Similique nobis id sit fuga dolor totam.\n \nSed similique aut placeat et officiis nam vitae magnam. Ut ex perspiciatis. Sapiente ea necessitatibus aliquam sit id eligendi sit minus quam. Voluptatem voluptate saepe et est voluptas.', '2020-11-12 21:25:34.181');
INSERT INTO comments (id, card_id, author, body, posted_on) VALUES (119, 30, 'Ayana Lebsack', 'Esse tempore consequuntur neque. Quae et libero. Voluptas dicta rem aut dolorem.\n \nEsse aperiam eum sequi accusamus atque. Molestias modi iste autem et sint. Ab voluptas nesciunt. Minus et molestiae sapiente reiciendis culpa odio non. Enim voluptatem non voluptas qui. Nulla delectus eos cum non omnis voluptatibus inventore porro ullam.\n \nAtque rerum nisi ab non illum sapiente. Voluptatibus asperiores voluptatum totam. Qui assumenda itaque corrupti. Fugit voluptates saepe maiores possimus id nihil aspernatur assumenda aut. Quae architecto aut corrupti.', '2020-11-13 03:33:00.181');
INSERT INTO comments (id, card_id, author, body, posted_on) VALUES (120, 30, 'Lera Farrell', 'Voluptatem dicta molestiae vel exercitationem quia ratione ipsa architecto. Ut ut dolor. Et quae non beatae quo dignissimos ad velit delectus. Sunt error voluptate. Omnis et architecto et qui mollitia dolor. Corporis beatae qui exercitationem et quis.\n \nQui possimus sit consequatur ratione adipisci. Quisquam autem dignissimos similique sequi aspernatur sint ea et minus. Odio vero nihil odio at velit earum animi et blanditiis.\n \nMinus in magnam praesentium saepe maiores minus sit. Rerum exercitationem ut quasi est veritatis incidunt eaque consequatur autem. Libero est velit et voluptatem quo omnis ratione tempore quis.', '2020-11-13 10:09:58.181');
INSERT INTO comments (id, card_id, author, body, posted_on) VALUES (121, 31, 'Marilou Bednar', 'Velit neque deleniti sint quis eligendi. Alias cumque dolorem sint illo qui. Veritatis est commodi sit vel. Eos est blanditiis dolore reiciendis distinctio quia et tempore repudiandae. Sunt eos quae.\n \nRepellendus ullam quam voluptas alias maxime esse eius. Ipsum nisi ex debitis error. Odio veritatis aut. Voluptatem est ea sed temporibus saepe quo. Quia minus et ad.\n \nItaque architecto et autem dolores accusantium vero eveniet nisi non. Laudantium dolorum ratione praesentium similique delectus sit. Et ipsum id aut consequuntur. Itaque sint beatae unde accusantium. Est sint consequatur occaecati. Incidunt possimus ut modi beatae.', '2020-11-02 05:02:02.382');
INSERT INTO comments (id, card_id, author, body, posted_on) VALUES (122, 31, 'Zane Bartell', 'Quia eos aspernatur qui mollitia neque iure omnis. Qui et dolore sint sit dolorem sunt sapiente modi. Culpa voluptas atque odit. Eos corrupti voluptatum est provident eum.\n \nOccaecati quidem culpa veritatis ut aut. Voluptatem dolorem voluptatem sunt fugit. Est nam temporibus asperiores. Officia voluptas mollitia aut sequi qui culpa atque.\n \nPraesentium et ipsam nostrum voluptatem hic. Voluptatem fuga consectetur excepturi unde modi voluptatem consequatur itaque iusto. Incidunt et quia quae quasi eveniet dolor.', '2020-11-02 09:20:25.382');
INSERT INTO comments (id, card_id, author, body, posted_on) VALUES (123, 31, 'Gertrude Gaylord', 'Sed distinctio reprehenderit ut. Ab ad enim. Cum repellat molestiae quidem rerum qui debitis saepe nulla. Est fugit laudantium ea rerum quae assumenda. Deserunt ratione nostrum earum dolorem debitis sed.\n \nMinus aut facilis eligendi qui atque eum porro. Repellendus atque quia delectus sint laboriosam ea. Saepe in ea est. Ipsa et voluptatem consectetur dolorem velit quia dolores. Necessitatibus voluptas non tenetur. Nemo ut praesentium omnis nostrum qui.\n \nCumque quibusdam unde reiciendis aliquid voluptatem blanditiis cupiditate enim. Occaecati voluptatum id rerum. Reprehenderit reiciendis doloribus eos occaecati et iusto voluptatem cumque. Incidunt repellat aperiam dolor fugiat. Natus id dicta voluptate ut corporis odit saepe. Et hic odit minus eos nobis fuga rerum tempora molestiae.', '2020-11-02 11:23:33.382');
INSERT INTO comments (id, card_id, author, body, posted_on) VALUES (124, 31, 'Bernie Gulgowski', 'Et voluptatem quidem sint. Voluptates rerum culpa ullam eligendi tenetur id alias. Ad omnis rem ab tempora sunt voluptatem nulla assumenda eum.\n \nNumquam culpa consequatur. Aspernatur et assumenda voluptatum adipisci sit quis consequatur tempora debitis. Est odit enim et eligendi ut. Quam quia nam mollitia. Saepe aut corporis dolores facere et molestiae voluptates dolorum.\n \nIusto est ea quas quis et fugit quis dolor debitis. Distinctio ipsa rerum iusto magni ipsum eum eos ut. Voluptatem quia distinctio iusto. Quidem aliquam et voluptatem harum adipisci et eum.', '2020-11-02 14:02:57.382');
INSERT INTO comments (id, card_id, author, body, posted_on) VALUES (125, 32, 'Alf Murray', 'Omnis aut quasi corrupti asperiores consequuntur esse in culpa. Optio iure explicabo ratione molestias dolorem accusamus vitae dolor. Porro eos cupiditate excepturi. Dolores dignissimos laudantium ab ipsum autem vero mollitia sed quam. Iste dolores reprehenderit maiores. Unde officiis molestias iusto nesciunt.\n \nRerum cum nesciunt aut porro. Eligendi at accusantium. Voluptatum sapiente ad et dicta placeat.\n \nDolorum assumenda possimus fuga veniam in est. Perspiciatis voluptatem ipsum nam aut. Error deserunt temporibus voluptas. Quis eius quos.', '2020-11-03 03:59:20.382');
INSERT INTO comments (id, card_id, author, body, posted_on) VALUES (126, 32, 'Jocelyn Berge', 'Nemo sed qui voluptas mollitia ut. Asperiores sed est eos quia distinctio. Et nulla aut qui velit in officia repellendus porro. Officiis sed ad.\n \nVel porro tempore ad sint vel. Asperiores perferendis doloribus. Quibusdam eius quam quo. Facilis cum dolore.\n \nAdipisci et voluptates quia similique eos fugit. Quidem et nostrum et unde. Praesentium veritatis assumenda corporis officiis est sint excepturi.', '2020-11-03 05:02:22.382');
INSERT INTO comments (id, card_id, author, body, posted_on) VALUES (127, 32, 'Alexane Ward', 'Quidem veritatis rerum porro excepturi est quo. Ipsum voluptatem quia repudiandae. Nisi deserunt incidunt.\n \nPerferendis ratione beatae. Voluptatem eum accusamus est iure accusamus ut facere officiis molestiae. Illum neque odit voluptate est adipisci modi. Quibusdam non voluptas occaecati. Omnis et esse aliquam est amet exercitationem dolore corporis dolorem.\n \nCorrupti quisquam rerum omnis voluptatem. Eos reprehenderit inventore esse consequuntur quod labore. Perferendis expedita cupiditate dolorem. Rem nostrum nam. Mollitia numquam reiciendis distinctio provident. Quos fuga culpa aut eveniet reprehenderit magni soluta aspernatur mollitia.', '2020-11-03 10:59:26.382');
INSERT INTO comments (id, card_id, author, body, posted_on) VALUES (128, 32, 'Gilda Block', 'Debitis quo modi minima ipsum suscipit eligendi aperiam earum. Omnis quo qui dolores qui reiciendis animi. Fuga est est ipsum ea animi rerum officia quae. Eligendi omnis asperiores.\n \nAspernatur alias neque similique quia. Autem provident perferendis eligendi velit deleniti et est voluptatibus. Molestiae quis omnis aperiam consectetur provident omnis odio. Assumenda minus non quia facilis itaque. Enim eius repellendus eos est sint expedita placeat. Ut aut error quod odit.\n \nQui maiores quia quos corrupti consequatur fugit. Sapiente sed sit distinctio voluptate ut. Et ad optio. Dolorem unde aut.', '2020-11-03 14:25:51.382');
INSERT INTO comments (id, card_id, author, body, posted_on) VALUES (129, 33, 'Delbert Runolfsdottir', 'Nesciunt quibusdam dolores incidunt quam. Ea quos aut facere voluptas occaecati. Unde molestiae adipisci quas quibusdam quasi dolor error est. Nihil ut ut perferendis ad eveniet commodi ut libero. Velit ut aliquam aut atque qui at. Repellendus voluptates non qui aut aut.\n \nDolor voluptatem voluptas itaque et maiores est ad. Fuga et est. Quia explicabo quidem qui vitae ab facilis. Praesentium ut voluptatem eligendi et quod. Similique explicabo consequatur ipsam aliquam quas rem dolor. Laudantium sit in quia repellat velit est.\n \nQuasi sint ab. Dicta delectus quasi reprehenderit dolores aliquid voluptas quia. Inventore qui sint fuga debitis aut autem ad. Vel dolore assumenda et neque perspiciatis et nisi ut.', '2020-11-04 03:21:24.382');
INSERT INTO comments (id, card_id, author, body, posted_on) VALUES (130, 33, 'Donna Nader', 'Rem eius facilis quasi consectetur esse velit qui dolores et. Sed natus architecto ea culpa aspernatur quo non corporis. Amet adipisci rerum. Unde ut consequuntur nisi dolorem commodi aliquam illo nam et.\n \nVoluptate fuga nesciunt mollitia adipisci dolores aliquid expedita voluptatem est. Vitae voluptatem sint fugiat illum animi ea voluptatem. Aperiam maxime autem aspernatur voluptatem dolorem similique et sed qui. Voluptas delectus soluta repudiandae aliquid eaque dicta. Mollitia hic earum autem et et repudiandae sapiente illo. Rerum ipsum omnis rem animi.\n \nIure qui veniam vel ut quis ipsa totam sit. Debitis id occaecati illo assumenda eum. Quaerat praesentium repudiandae qui quod quaerat.', '2020-11-04 04:53:40.382');
INSERT INTO comments (id, card_id, author, body, posted_on) VALUES (131, 33, 'Tyreek Hoppe', 'Et aut ex sit tempora fugiat nobis adipisci. Excepturi harum qui facilis et quam quaerat aperiam consequuntur delectus. Sunt iure et praesentium quia quaerat sequi debitis earum. Qui est est fugit veniam. Voluptatem porro iusto aliquid non quam deserunt explicabo amet at.\n \nDolorum facilis quis culpa veritatis quibusdam molestiae. Qui quia quia. Aut corrupti molestiae sed distinctio corrupti. Delectus rem a nesciunt.\n \nQuo quia eos aliquid. Est accusantium aliquid saepe optio atque. Assumenda possimus culpa. Natus accusamus modi corrupti ea magnam quisquam modi et consequuntur. Perferendis totam nobis ullam sunt molestiae dolore. Libero molestiae magnam earum est recusandae reprehenderit est.', '2020-11-04 11:02:01.382');
INSERT INTO comments (id, card_id, author, body, posted_on) VALUES (132, 33, 'Nicholas Kris', 'Et nulla est sequi laborum. Minus aliquam expedita repudiandae sit. Voluptatum esse illum impedit deleniti eum et quia. Enim distinctio suscipit error error. Velit esse qui sed doloremque magnam.\n \nNon et ullam nobis unde odio laboriosam. Rerum ut ea eveniet doloremque non eaque commodi incidunt. Exercitationem quidem non ad enim porro ipsam. Et quisquam nesciunt commodi ipsum et consectetur consequuntur. Sunt aliquam est.\n \nNumquam sequi voluptas aspernatur odit ut ut adipisci sunt. Sed molestiae modi voluptatibus tempore nihil nam quis. Magnam nisi facere non ab dolor fugiat sunt. Id eveniet omnis neque repellendus.', '2020-11-04 11:37:34.382');
INSERT INTO comments (id, card_id, author, body, posted_on) VALUES (133, 34, 'Sherman Champlin', 'Earum accusantium eaque. Et et error cum natus hic occaecati architecto. Est adipisci et eveniet cum est deleniti ut deleniti adipisci.\n \nSequi delectus possimus sed. Molestias quaerat adipisci voluptatem quam nemo impedit debitis quia. Voluptas at doloremque quo. Minus et quidem laborum. Et laudantium natus esse. Amet earum explicabo quis inventore voluptatem ipsam numquam qui voluptas.\n \nEst vel qui. Amet velit atque incidunt quidem. Molestiae et suscipit accusantium qui.', '2020-11-04 19:56:53.382');
INSERT INTO comments (id, card_id, author, body, posted_on) VALUES (134, 34, 'Kelsi Stark', 'Minima sit nisi voluptatem autem temporibus iste dignissimos. Quo exercitationem ut labore. Earum iure reiciendis unde aliquam eos rerum. Ex iusto voluptas doloremque qui omnis doloremque ut totam eos.\n \nUt nostrum delectus ea deleniti consequatur impedit. Autem officia blanditiis. Saepe magnam voluptatem in sed magni. Eaque at deserunt sapiente eaque modi dicta. Ea laudantium vel ipsum repellendus. Voluptatem dolorum ea ut odit facilis sequi amet.\n \nUt et hic voluptatum. Consectetur nihil nulla reiciendis consequuntur iste ea quae. Nulla labore reprehenderit unde ut.', '2020-11-05 02:35:25.382');
INSERT INTO comments (id, card_id, author, body, posted_on) VALUES (135, 34, 'Gardner McCullough', 'Ut veniam mollitia. Et dignissimos provident corporis. Vel harum esse cupiditate autem distinctio minus ipsam. Repellat voluptatem animi consequatur neque rerum. Ut ipsum saepe. Est veniam voluptas labore ut voluptatibus harum similique.\n \nAutem distinctio voluptatem quisquam eaque. Error beatae voluptatibus eaque quam a est non esse quis. Labore nobis alias veniam autem quae beatae sit aut. Amet assumenda ea dignissimos voluptates perspiciatis quia officiis.\n \nIllo minima eligendi natus omnis autem sit beatae sunt illum. Corporis assumenda temporibus voluptas. Rerum porro consectetur provident id delectus a. Deserunt ut praesentium sed ad ut nam odit est repellendus. Maxime nisi architecto.', '2020-11-05 04:39:34.382');
INSERT INTO comments (id, card_id, author, body, posted_on) VALUES (136, 34, 'Bret Grimes', 'Voluptas eaque qui non. Ex ullam enim dolores molestiae dolores dolorum eum est excepturi. Accusantium pariatur repudiandae explicabo voluptates voluptas sint aliquam dolorum. Aut modi et enim. Ut qui molestiae sit velit libero eum.\n \nMinus sit enim ullam quisquam dolore quibusdam qui omnis. Rerum error nam pariatur. Repellat id ipsam. Voluptatem autem velit hic reprehenderit et vero fuga aliquid fugit.\n \nLaborum aut soluta. Minima possimus possimus saepe voluptatibus consequatur odio sed similique est. Cupiditate doloremque qui similique nihil enim eos explicabo.', '2020-11-05 05:11:58.382');
INSERT INTO comments (id, card_id, author, body, posted_on) VALUES (137, 35, 'Dawson Hegmann', 'Est vel veritatis assumenda ab qui. Nihil vero quis et in. Nisi error consectetur ducimus alias officia et dolore et. Qui iure rem.\n \nVoluptatibus cum quam iusto quis. Nam aliquam rerum qui. Id numquam praesentium rem quod incidunt ab vel qui. Esse ducimus qui repellendus officiis incidunt alias id quae eveniet. Consequuntur ad ducimus dolores repellendus.\n \nEt aut et aut laudantium laboriosam rerum et veniam dolores. Asperiores voluptatibus qui nostrum et. Odit ab dolor. Exercitationem minima a doloribus sit. Quae numquam explicabo eos est consequuntur. Ut consequatur at temporibus aut ut.', '2020-11-05 09:21:03.382');
INSERT INTO comments (id, card_id, author, body, posted_on) VALUES (138, 35, 'Billy Luettgen', 'Voluptatibus id adipisci. Qui culpa provident sit libero eos tempore. Aliquid pariatur vel laborum quia incidunt cupiditate. Cupiditate sed in molestiae ut voluptatem qui ut dolor.\n \nDolorem ratione similique reiciendis. Quo est similique. Officiis minima dignissimos molestiae. Consectetur tempora modi. Excepturi hic praesentium. Dolor eius magni.\n \nImpedit dicta ut. Eveniet sunt ut ab odio totam voluptatem. Vel ut odio asperiores fugiat.', '2020-11-05 15:24:00.382');
INSERT INTO comments (id, card_id, author, body, posted_on) VALUES (139, 35, 'Lia Nitzsche', 'Maiores at vel placeat nisi neque accusamus. Consequatur eveniet harum tempora nisi sunt qui dignissimos beatae. Dolorem ut et mollitia ut. Aut debitis est fugiat optio consequuntur optio. Voluptatem non est qui. Rerum id non.\n \nDoloribus minus aut numquam aut. Corrupti atque suscipit illo voluptas voluptatem placeat aut velit eveniet. Dolorum perferendis aliquam amet aut. Autem sunt ut reiciendis magni amet ea est vero. Qui earum dolore exercitationem. Tenetur corrupti accusamus neque quaerat cum.\n \nUt expedita tempora nulla qui. Enim debitis repudiandae sunt provident delectus. Voluptas ex quasi voluptas mollitia doloribus doloribus laudantium odio debitis. Autem consequuntur rerum voluptatem sunt nostrum voluptas perspiciatis est dolorem.', '2020-11-05 21:23:17.382');
INSERT INTO comments (id, card_id, author, body, posted_on) VALUES (140, 35, 'Nichole Blanda', 'Unde aspernatur delectus dolor quia neque a voluptatem qui. Quia quam excepturi nobis voluptatem aut aliquam dolor non. Voluptate quia dignissimos recusandae ea ipsa eum. Tempore ducimus dolorem consequatur soluta dolorem sed sint alias. Optio pariatur ad incidunt ab qui. Aspernatur quo aspernatur.\n \nReprehenderit nostrum dolores voluptas molestiae consequatur animi. Reiciendis alias enim aut animi ipsam expedita quia aperiam. Alias in vitae.\n \nHic harum vel dolor. Autem temporibus earum voluptatibus eos. Qui ratione asperiores tempore ea dignissimos.', '2020-11-05 23:43:49.382');
INSERT INTO comments (id, card_id, author, body, posted_on) VALUES (141, 36, 'Grayson Dach', 'Quia voluptatem architecto qui omnis earum eum animi nihil molestiae. Dolor nihil fuga sunt et qui necessitatibus. Provident dicta sequi doloribus. Qui doloremque possimus ut facere voluptatem. Placeat officiis et ut.\n \nImpedit aut perspiciatis. Eum et et quae laboriosam. Eius ea sit soluta sit nostrum quasi. Repellendus accusantium aliquid ut assumenda et. Accusantium modi quidem porro dolores qui.\n \nNon atque delectus id. Deserunt consequatur quod. Dicta est necessitatibus quis eum eum ab itaque voluptates consequatur.', '2020-11-06 05:03:03.382');
INSERT INTO comments (id, card_id, author, body, posted_on) VALUES (142, 36, 'Maurice Walter', 'Aliquam voluptatem eos architecto. Laborum et et optio rerum. Dolore natus at id ea sunt harum et. Ipsum tempora consequatur et minus. Omnis minus molestiae voluptas voluptatem culpa laudantium dolore. Qui aut tempore eligendi.\n \nCorrupti esse quia cum. Voluptatem iure voluptas vel eum qui a. Possimus ipsum ipsam qui iusto. Ducimus aut et culpa in rerum. Ut commodi rerum exercitationem quod eius laborum quidem reprehenderit consequatur. In corporis libero vitae at eligendi ut.\n \nDolor odio consequatur delectus. Excepturi inventore omnis et ea tenetur maxime provident. Dolor nisi ut voluptates aperiam enim dolorem ut accusantium. Similique repellat non in sequi modi qui voluptas dolorem sequi.', '2020-11-06 07:52:09.382');
INSERT INTO comments (id, card_id, author, body, posted_on) VALUES (143, 36, 'Chauncey Sporer', 'Dignissimos quo architecto illo rem in facilis. Cupiditate neque mollitia laudantium dolor et facilis. Ut eaque officiis eum illo dolor. Voluptatem minus id adipisci nihil et repellendus nostrum sapiente. Maxime tempore incidunt.\n \nNulla eos quia. Non dolore ad quis reiciendis et atque rerum. Tempora maxime a distinctio assumenda sit occaecati. Perferendis laudantium dignissimos illo est reiciendis.\n \nVoluptas autem dolores minima ut nostrum earum et eum. Velit officia quod velit harum vitae autem similique omnis. Minima fuga aut tenetur consequatur cum nostrum repudiandae. Non reiciendis ex. Et consequatur eos placeat et quod doloribus.', '2020-11-06 13:21:44.382');
INSERT INTO comments (id, card_id, author, body, posted_on) VALUES (144, 36, 'Jayda Rempel', 'Omnis consectetur voluptatem dignissimos in aliquam est inventore quia. Nemo veniam nam autem debitis animi est quo. Nihil sed dolore sequi at itaque. Voluptas ut quia eaque rerum cupiditate voluptatem. Corrupti placeat consectetur in eaque corporis et qui enim aut. Non est rerum est labore labore voluptate necessitatibus.\n \nNam cupiditate inventore dolor reprehenderit eveniet occaecati quo excepturi voluptate. Voluptatem voluptatem magnam eum omnis vel dicta qui est. Repudiandae perspiciatis dolorem aliquam quas repellendus iste. Consequatur velit quis id quibusdam. Reiciendis fuga sit nisi sed itaque rerum et neque sint. Est numquam consequatur ut.\n \nAt repudiandae minima optio dolores aut. Voluptate deserunt sed sint. Enim nam velit non expedita quo ea vel rerum. Vel expedita est est nulla rerum ex fuga. Quia vel animi eaque.', '2020-11-06 20:16:39.382');
INSERT INTO comments (id, card_id, author, body, posted_on) VALUES (145, 37, 'Rosendo Langworth', 'Dolores est est ea aut eos. Officiis dolorem sequi qui et minus neque sunt beatae unde. Architecto quia illum consequatur facere consequatur officiis. Minus excepturi non voluptatibus a id voluptatem.\n \nReiciendis eum sit. Quia velit earum rerum quis. Recusandae consequatur similique.\n \nTemporibus facilis qui sit occaecati et. Dolorum optio dolorem expedita fugiat ut vel commodi. Consequatur blanditiis omnis nesciunt error perferendis mollitia.', '2020-11-07 02:20:47.382');
INSERT INTO comments (id, card_id, author, body, posted_on) VALUES (146, 37, 'Judy Dietrich', 'Error sint facilis in tempora dolores ut sed. Accusamus porro ea officiis facere est. Fugit iste vel et delectus quae voluptatem eius et non. Facilis et repellat qui alias hic quo in fugit. Suscipit consequatur modi illo. Delectus et voluptatum eum.\n \nQui aut vitae. Pariatur dolorem in velit hic voluptatem exercitationem. Sint voluptate magnam sit fuga omnis natus et. Impedit ut sed.\n \nEnim est itaque omnis alias fuga ut quia. Repellendus quisquam laudantium earum qui ab quis et quia est. Et dolorem tempore sapiente debitis mollitia.', '2020-11-07 08:26:21.382');
INSERT INTO comments (id, card_id, author, body, posted_on) VALUES (147, 37, 'Margarette Mraz', 'Qui officiis laboriosam debitis aut. Voluptatem fugit aliquid architecto nesciunt. Aliquam quia qui maxime rerum quas labore officiis.\n \nMinima ut in sint nesciunt optio aut asperiores labore. Cupiditate enim totam consequatur amet. Ullam perferendis minus veritatis eos. Reprehenderit iusto repellendus. Suscipit consequatur magnam sed id consequatur et animi. Et odit maiores est.\n \nCum nesciunt quod iste quo non consequatur eligendi. Labore libero ut. Id expedita est nihil magnam sit deserunt. Labore sit dolores occaecati est officia deleniti totam. Sed eum aut ipsa nisi deserunt consectetur.', '2020-11-07 11:23:14.382');
INSERT INTO comments (id, card_id, author, body, posted_on) VALUES (148, 37, 'Samir Weimann', 'Earum rerum quis et pariatur illum autem eligendi. Ut mollitia nihil expedita dolor quo. Suscipit quibusdam sunt aperiam aut unde illum non.\n \nOfficiis voluptates ab dolores et repudiandae sed aliquam. Molestias minima id. Qui maiores est sint tenetur. Dolorem non eaque pariatur quas dolorem incidunt ratione.\n \nLaborum voluptas mollitia laudantium reprehenderit eaque facere repellendus natus. Aut officiis hic dolorum laudantium laudantium. Aut reprehenderit placeat aperiam ut placeat eligendi. Rerum aperiam laborum tempore.', '2020-11-07 16:23:56.382');
INSERT INTO comments (id, card_id, author, body, posted_on) VALUES (149, 38, 'Emmet Wyman', 'Ut consequatur necessitatibus libero nobis ut voluptates odio reprehenderit. Itaque omnis animi corporis possimus animi voluptates. Quaerat ea molestias et maiores eum. Optio consequatur fugiat fugiat est repudiandae consequatur animi at saepe.\n \nPerferendis iure hic ut pariatur neque. Aut magnam vel sunt voluptas ipsa rerum ipsa. Molestiae voluptatem explicabo laborum omnis unde ut repellendus. Occaecati dicta provident et ad eius officiis quos culpa.\n \nVeniam dolores delectus aliquid nihil eveniet aperiam temporibus. Incidunt est perferendis tempore reiciendis recusandae saepe. Voluptas ratione aut eos earum blanditiis modi architecto numquam nihil. Et non aut aperiam animi labore dolore. Omnis aut repellat eius laudantium omnis ut omnis accusamus. Fugiat non saepe ab esse quisquam nulla cupiditate.', '2020-11-08 04:41:45.382');
INSERT INTO comments (id, card_id, author, body, posted_on) VALUES (150, 38, 'Leanne Ruecker', 'Eum a non deserunt qui omnis sit facilis atque deserunt. Accusamus adipisci possimus incidunt molestiae. Nisi eius ut voluptatum harum voluptas sint eligendi voluptatem veritatis. Eos quia molestiae eaque saepe.\n \nPorro minima eligendi amet. Esse tempore ducimus dolor molestiae optio aperiam dolores sapiente. Quae quos molestiae. Minus qui possimus ea aut voluptas voluptatem sit. Molestias officia nemo repellendus ad et.\n \nRecusandae vel in omnis repudiandae et eum. Blanditiis laboriosam iure voluptate quia doloremque delectus architecto suscipit tempora. Corrupti reprehenderit quo enim molestiae cum fuga aliquid aut cumque.', '2020-11-08 08:39:37.382');
INSERT INTO comments (id, card_id, author, body, posted_on) VALUES (151, 38, 'Lucas Jakubowski', 'Tenetur sunt ut qui iste impedit et qui quas qui. Ut sunt non aperiam quis exercitationem tempore laudantium qui. Non neque odit atque et.\n \nVel ea autem non repudiandae aut qui itaque nesciunt. Quos fuga dignissimos. Aut voluptatem nesciunt. Alias nemo alias quasi necessitatibus in nulla velit quas. Autem magni similique. Tenetur aliquam culpa.\n \nId occaecati odit voluptates recusandae exercitationem enim voluptates. Cupiditate aspernatur quia magnam iste ut minima tempore nemo. Rerum ut esse non explicabo sed itaque delectus est voluptatibus. Deleniti similique aliquid. Qui dolorum cumque maiores est et est eius.', '2020-11-08 14:28:44.382');
INSERT INTO comments (id, card_id, author, body, posted_on) VALUES (152, 38, 'Freddy Cummerata', 'Dolor harum esse. Porro doloremque qui doloribus quo nam sapiente eius iste voluptatem. Pariatur et quasi ea iste.\n \nQuas dolorum animi. Dolores ex nihil excepturi minima quod officia quo voluptates tempora. Ut non occaecati ducimus quia.\n \nId odio dignissimos. Nulla minima sint veritatis consectetur consequatur aut iusto quam non. Voluptatibus harum vero.', '2020-11-08 15:41:56.382');
INSERT INTO comments (id, card_id, author, body, posted_on) VALUES (153, 39, 'Felix Grimes', 'Tempora et tenetur sed eaque nisi dicta. Quaerat sed sit iusto excepturi aut vel molestiae. Tempora eum voluptatum non doloremque laboriosam a a facilis consequatur. Itaque molestiae ut.\n \nImpedit sed assumenda aspernatur accusantium voluptatibus nemo omnis eius porro. Sequi nihil aut odio. Quas odit consectetur ipsum cumque excepturi maiores debitis aut. Reprehenderit in est. Voluptatem at laboriosam. Dolorem voluptatum dolor accusamus enim consectetur voluptas tempore.\n \nCumque cupiditate blanditiis occaecati dolores inventore eos eum ea. Earum cupiditate cum voluptatem vitae consequatur officia enim et et. Sunt qui veritatis quia est. Quis quia alias sed officia et. Vel necessitatibus reiciendis esse et voluptatibus praesentium provident repellat accusantium.', '2020-11-09 04:31:28.382');
INSERT INTO comments (id, card_id, author, body, posted_on) VALUES (154, 39, 'Luisa Collins', 'Non quas qui et aut. In voluptatibus dolorem quam rerum. Tempore et recusandae odit voluptatem repudiandae sunt deserunt labore modi. Hic molestiae ut facilis mollitia itaque eveniet. Quaerat inventore est. Libero quia est odio fuga dolores odit voluptatibus.\n \nEt ducimus repellendus omnis. Est quos voluptatem qui et sed dicta pariatur ex omnis. Aut consequatur aspernatur qui voluptatem fugit dicta voluptas rerum illo. Maiores corporis occaecati id soluta. Quis consequuntur adipisci omnis officia magnam accusamus.\n \nEst et non qui qui deserunt. Id asperiores placeat quas ratione. Ab est est quibusdam ea iure ut ut atque. Quia sed voluptas suscipit quam voluptatem blanditiis. Ab magni temporibus necessitatibus quo exercitationem autem.', '2020-11-09 06:08:09.382');
INSERT INTO comments (id, card_id, author, body, posted_on) VALUES (155, 39, 'Ewell Aufderhar', 'Vel laboriosam est voluptas id quibusdam omnis. Cupiditate laboriosam molestiae molestiae ipsum veritatis omnis fuga est. Ipsam quis ipsum. Magnam qui sit porro blanditiis dolores repellendus. Sed dolorum animi reiciendis iusto.\n \nNihil rem et. Accusantium soluta iure repudiandae. Beatae vel labore in voluptas modi.\n \nDignissimos quis voluptatem qui voluptatibus et sit iure esse. Rerum molestiae unde. Et similique voluptate vitae. Illum aliquid voluptate est facere sint. Adipisci ratione laboriosam praesentium laborum.', '2020-11-09 08:03:22.382');
INSERT INTO comments (id, card_id, author, body, posted_on) VALUES (156, 39, 'Etha Wunsch', 'Nobis iusto ut consectetur numquam. Consequatur cum voluptatem cum error repellat quis perspiciatis enim. Distinctio sit molestiae error sit qui voluptas. Dicta ut voluptatum voluptatem illum debitis reprehenderit incidunt quidem. Voluptatem quaerat et consectetur qui quia ipsa laboriosam ullam.\n \nQui est hic officiis repellat adipisci. Ab qui illum omnis quia. Quaerat natus non. Ut fugiat doloribus rerum.\n \nAccusantium praesentium dolor labore accusamus aspernatur autem commodi. Necessitatibus voluptatem ad explicabo eos illo et ipsum placeat. Et quibusdam exercitationem et officiis ut eum ad debitis. Hic unde laudantium deserunt.', '2020-11-09 09:44:26.382');
INSERT INTO comments (id, card_id, author, body, posted_on) VALUES (157, 40, 'Krystel Dach', 'Unde ut asperiores culpa et quos. Qui accusamus sapiente minima autem. Illum reprehenderit illo eos et. At ipsam soluta ut necessitatibus nihil voluptas.\n \nNumquam asperiores commodi quis iure dolores. Explicabo aspernatur eaque totam ipsa. Aut officia exercitationem omnis et officiis ea vel. Consequuntur eum illum est consequatur odio expedita. Architecto ducimus molestiae amet in sed vel quia.\n \nEt quia aut necessitatibus qui nisi exercitationem. Rerum animi facilis molestiae quaerat nulla a. Est inventore eum quas sint libero. Placeat consequatur dolor molestias ex ea ut rerum. Voluptatem enim et.', '2020-11-09 21:52:35.382');
INSERT INTO comments (id, card_id, author, body, posted_on) VALUES (158, 40, 'Kaela Ryan', 'Est nihil voluptates excepturi quia dolor tempore placeat. Placeat qui in sit est corporis praesentium assumenda in. Reiciendis possimus consectetur cupiditate temporibus et expedita. Molestias dolorum sit voluptatem. Voluptatibus dolores debitis illo.\n \nDebitis nesciunt qui adipisci facere velit sed accusamus ratione. Illo et optio repellat. Molestias impedit ut.\n \nSed quod pariatur ut. Quae impedit quia et quo rerum facere eius ut. Consectetur et inventore et optio nobis voluptatem. Quaerat magnam illum aliquam. Mollitia non aperiam asperiores veritatis ut ut. Odit voluptatum sed quisquam voluptatem adipisci ab et.', '2020-11-09 23:51:32.382');
INSERT INTO comments (id, card_id, author, body, posted_on) VALUES (159, 40, 'Trever Hammes', 'Doloremque voluptatem aut adipisci eaque vel blanditiis expedita ab consequatur. Sint delectus et aut sed molestiae. Qui sed error non. Velit aspernatur eum odit aut esse dolorem modi. Voluptatum esse fugiat culpa quam molestias sunt. Qui voluptatem nisi omnis soluta eum odit.\n \nProvident qui repellat ut qui explicabo incidunt exercitationem. Itaque voluptatibus et iure quisquam animi. Dolore et quod aliquam harum. Quo distinctio tenetur qui molestiae fugit est.\n \nQuibusdam hic provident ex nobis magnam cupiditate quis numquam eum. Ut quia laboriosam aut. Sit adipisci illum laborum. Voluptas et sed repellat veniam et. Voluptatem quisquam esse dolor quo et accusantium laboriosam maxime.', '2020-11-10 06:41:58.382');
INSERT INTO comments (id, card_id, author, body, posted_on) VALUES (160, 40, 'Kitty Spinka', 'Recusandae temporibus non dolorum ut. Quidem asperiores quasi consectetur quia. Fuga ex repudiandae. Ipsam libero ex nulla exercitationem veritatis dicta quisquam quod quos. Ea aut earum corrupti numquam totam commodi sequi suscipit aut. Reiciendis ut porro natus adipisci nobis cumque voluptatem sint.\n \nFacilis et voluptatem quod eos quis soluta. Velit et et aliquid non exercitationem facilis accusantium. Quia soluta quaerat odit et qui repudiandae.\n \nBeatae quidem rerum sint eveniet nam aut. Nostrum architecto omnis odit est architecto voluptas reiciendis. Sunt quo nesciunt aut veritatis qui ab.', '2020-11-10 12:39:48.382');
INSERT INTO comments (id, card_id, author, body, posted_on) VALUES (161, 41, 'Justina Ryan', 'Laboriosam quis aut beatae. Quo nobis debitis cupiditate. Omnis doloremque ipsum at et. Quibusdam quo quas velit a modi nulla quia consequatur omnis. Repellendus sed magni beatae voluptatem aut cumque neque ut.\n \nEt praesentium odit error. Libero voluptates recusandae. Hic quisquam neque a odio omnis.\n \nQui velit similique. Et modi et nesciunt. Ipsa maxime sed eligendi nesciunt cupiditate ex eum ab. Ullam nobis similique animi voluptates doloribus.', '2020-11-11 02:31:30.382');
INSERT INTO comments (id, card_id, author, body, posted_on) VALUES (162, 41, 'Loyal Hamill', 'Molestiae sed qui sed saepe commodi et. Eius quos quia est voluptas voluptates fuga sit sit perferendis. Est quisquam atque aut alias nihil accusantium aut soluta.\n \nNon officia qui sint. Enim rem voluptate. Sit rem mollitia numquam.\n \nDignissimos nulla deserunt qui beatae atque neque. Quia non voluptatum veniam cupiditate necessitatibus placeat reiciendis quis distinctio. Ut eveniet sed voluptas rerum quisquam quae autem non. Eius occaecati alias.', '2020-11-11 08:31:43.382');
INSERT INTO comments (id, card_id, author, body, posted_on) VALUES (163, 41, 'Chester Pouros', 'Quia hic ex. Nemo est saepe expedita. Enim beatae aut. Quia est in velit ut distinctio. Odit aut iusto fuga velit exercitationem autem voluptates quia praesentium. Facere recusandae reprehenderit sunt quisquam est omnis et.\n \nLaborum quia ullam. Dolorem consequatur in autem a eveniet at ducimus. Expedita dolorum deleniti debitis quos tempore et quas.\n \nLabore ullam ut corrupti molestiae quas repellat non et. Ut blanditiis ea libero harum. Dicta quis et qui consequatur rerum autem autem. Occaecati quis neque nostrum et facere.', '2020-11-11 09:11:00.382');
INSERT INTO comments (id, card_id, author, body, posted_on) VALUES (164, 41, 'Zola Larson', 'Qui ad rerum quia ut rerum. Sed aut laborum ipsa laboriosam tempore fuga nisi. Sapiente iure aut molestiae labore nobis. Enim deleniti voluptatem est aperiam non alias recusandae. Eveniet officiis debitis earum rerum. Ducimus et sit magni qui at sapiente quis dolor dolor.\n \nError voluptas ut ipsam odio. Dicta error et aliquid a sit ut qui ut ea. Enim non dolore. Vero corporis non accusamus. Aliquid qui voluptatem voluptates ut quia et dignissimos accusamus ut.\n \nMaiores iure rerum ducimus et voluptas voluptas voluptatum. Rerum enim dolor quaerat nisi vel non ut. Pariatur voluptas amet ex. Ut ad minima soluta voluptates culpa occaecati veritatis velit repudiandae.', '2020-11-11 13:21:50.382');
INSERT INTO comments (id, card_id, author, body, posted_on) VALUES (165, 42, 'Donald Prohaska', 'Quae eum quae molestiae tempore perferendis. Aut possimus quia consequuntur accusamus ea ut et. Sed quasi quis dicta perferendis repellat dolor. Cupiditate minus doloribus animi officiis blanditiis labore et. Eos minus incidunt est itaque illo. Sequi quia ab ea error aspernatur architecto molestiae numquam.\n \nSit libero praesentium. Fuga sunt voluptate doloremque sint hic. Quo quod sunt consequuntur dolorem accusantium totam voluptates eos commodi. Quas aliquam illum ipsa quia rerum rem qui quaerat. Eos quasi tempora hic consequuntur aperiam sed voluptatem vero. Laboriosam sed dolores autem quibusdam.\n \nSit laborum ullam veniam molestiae. Est nobis eveniet exercitationem expedita est deserunt provident tempora. Odio fuga ratione. Fugiat soluta consectetur ab aperiam aliquid harum recusandae. Numquam aut sed facilis numquam autem nemo. Alias deserunt consequatur.', '2020-11-12 00:26:26.382');
INSERT INTO comments (id, card_id, author, body, posted_on) VALUES (166, 42, 'Kraig Lueilwitz', 'Omnis non inventore ut neque aut. Reiciendis ab blanditiis rem at. Neque assumenda voluptates in perferendis. Iste dolor sapiente qui dolores quibusdam et reiciendis.\n \nQuae facere rem omnis excepturi ut architecto. Possimus consequatur voluptate aut occaecati culpa vel vero et voluptatum. Veritatis sit ducimus neque id consequatur. Ut sed magni enim rerum ab dolor nesciunt fugiat.\n \nUt totam possimus. Dolorem molestias non earum inventore. Dignissimos tempore quod distinctio architecto.', '2020-11-12 02:45:53.382');
INSERT INTO comments (id, card_id, author, body, posted_on) VALUES (167, 42, 'Gloria Zemlak', 'Illum dolores officiis tenetur alias voluptatum dicta veritatis quo. Quas deserunt iste sed qui earum. Ipsum placeat laudantium quo fuga quidem.\n \nDeleniti quae placeat ea aut itaque. Ducimus dolorem impedit sunt tempora adipisci. Aut expedita veniam perspiciatis non nihil. Architecto eius animi expedita. Ut natus beatae sit qui. Quis sit autem amet quos et perspiciatis voluptatem.\n \nRerum eaque fugit dolores debitis distinctio officia. Velit reiciendis veritatis voluptas. Tenetur itaque corrupti quos pariatur aspernatur. Aut mollitia sed sit.', '2020-11-12 09:32:24.382');
INSERT INTO comments (id, card_id, author, body, posted_on) VALUES (168, 42, 'Concepcion Nader', 'Eligendi quo rem facere maiores. Quis sed id suscipit quidem nesciunt. Dolores amet blanditiis cupiditate. Cumque reprehenderit provident rerum necessitatibus dolores consequatur sed architecto. Aut vel minus et ipsum neque eius debitis. Voluptatem recusandae autem quia necessitatibus.\n \nQuo architecto vel quidem aut aut mollitia. Hic et nobis est ea adipisci ipsa et qui sed. Blanditiis repudiandae totam sed voluptatum. Voluptatem neque id est praesentium praesentium vel nisi.\n \nDoloremque quas qui. Veniam repellat iste inventore ea maiores. Laudantium dicta deleniti cumque.', '2020-11-12 10:27:52.382');
INSERT INTO comments (id, card_id, author, body, posted_on) VALUES (169, 43, 'Jessyca Treutel', 'Nobis nam eligendi dolor est nesciunt adipisci. Quasi ab hic autem. Ea aut quia a atque sapiente et recusandae cumque.\n \nQuae fugiat aut quisquam necessitatibus explicabo. Sapiente vero eveniet laboriosam labore quasi autem consequatur blanditiis sequi. Nesciunt vitae beatae beatae quo non voluptatem vitae sed consequatur.\n \nAnimi rerum asperiores placeat inventore consequatur sit. Optio ex quisquam dolorem. Rerum omnis mollitia temporibus eum molestiae. Reprehenderit at quos deserunt in consectetur qui quidem. Reiciendis nam quisquam saepe eligendi nemo temporibus magni tenetur. Beatae architecto non voluptas et.', '2020-11-13 02:34:00.382');
INSERT INTO comments (id, card_id, author, body, posted_on) VALUES (170, 43, 'Christ Kling', 'Sit vel sit quia omnis. Qui dolor sit magnam nobis occaecati id sed aut. Omnis alias quis quos architecto est autem. Eligendi sunt impedit facilis maxime quam deleniti sapiente dolor.\n \nUllam fugit et assumenda ducimus eum nemo distinctio. Quibusdam rerum quia corporis omnis mollitia sint. Autem quos tempora est et nesciunt quae et. Soluta voluptatem rem nesciunt molestias perspiciatis excepturi illum sint. Qui iusto quis excepturi quos autem culpa beatae.\n \nAperiam ut voluptatum. Aspernatur delectus laboriosam repellendus veniam reiciendis eum temporibus esse officiis. Temporibus rem quo ex vero quidem ad. Eum cumque tempore repellat amet. Laudantium dolores vel aut itaque ipsum omnis ex sint.', '2020-11-13 06:50:39.382');
INSERT INTO comments (id, card_id, author, body, posted_on) VALUES (171, 43, 'Oliver Kuphal', 'Minus ut impedit recusandae. Facilis eum tempore veritatis et dolore expedita illum. Sed deleniti quae optio nemo explicabo magnam aut nobis saepe. Et nesciunt natus facilis vel deserunt fuga. Non quia consequuntur optio. Est sed tempore.\n \nRem ut aut dolor veritatis iure voluptate id quaerat. Dolor repellendus voluptas sunt doloribus aut repellat. Doloribus velit ut unde alias ipsum. Commodi aut cupiditate voluptatem.\n \nUt unde ut. Est ullam reprehenderit incidunt blanditiis. Est eos modi odit et mollitia iusto.', '2020-11-13 07:11:55.382');
INSERT INTO comments (id, card_id, author, body, posted_on) VALUES (172, 43, 'Carey Swaniawski', 'Esse ea expedita enim facilis minus impedit voluptas voluptate. Fugiat porro minima non quia. Perferendis voluptates reiciendis consequatur voluptate nam rem inventore. Ab cupiditate eos est ipsum dignissimos.\n \nAt rerum quidem accusantium consequatur assumenda accusantium. Qui nobis veritatis ut reiciendis in voluptatem reprehenderit. Dolores non saepe. Nisi odio in aut quis dolor. Nulla autem in veniam tenetur sit.\n \nOfficia inventore eos non occaecati ut. Enim magni facilis error quia quo reprehenderit praesentium a. Ut aut facilis aut molestiae rerum vitae earum et ut. Temporibus deserunt incidunt aut perspiciatis id sequi. Ullam amet omnis. Voluptas amet rerum autem.', '2020-11-13 13:24:45.382');
INSERT INTO comments (id, card_id, author, body, posted_on) VALUES (173, 44, 'Xzavier Schroeder', 'Ipsum aut numquam ducimus quo vitae aliquam assumenda. Molestiae eius qui autem. Alias doloremque sunt neque. Expedita voluptatem qui totam. Laudantium dolorem inventore et facilis sed. Corrupti et perspiciatis earum omnis laborum quo cum.\n \nOccaecati quia enim tenetur necessitatibus. Nostrum similique fugit. Et itaque ea repudiandae blanditiis incidunt. Delectus possimus est quibusdam qui commodi autem et. Aut nulla eum enim.\n \nQui et incidunt atque laudantium ratione nemo praesentium. Dignissimos et et aut sunt repellat cumque quis non nihil. Consequatur eaque in labore quibusdam inventore quos quia fuga. Aut consequuntur corrupti sit.', '2020-11-14 05:40:52.382');
INSERT INTO comments (id, card_id, author, body, posted_on) VALUES (174, 44, 'Derick Waelchi', 'Porro cumque aliquid. Et nobis quis aspernatur non quia qui aut. Voluptatem quia quaerat tempore sit porro modi. Nobis animi aspernatur porro laborum molestiae. Recusandae consequatur consequatur consectetur.\n \nDicta ex facilis voluptatem voluptas quam esse voluptatum voluptatem. Sapiente aut asperiores quasi. Molestiae praesentium voluptatem. Sequi et assumenda.\n \nHarum sed natus laboriosam omnis est earum non numquam eligendi. At eveniet eius corporis et dolorem distinctio voluptatem quaerat perspiciatis. Cumque eos beatae in accusantium delectus et.', '2020-11-14 09:09:22.382');
INSERT INTO comments (id, card_id, author, body, posted_on) VALUES (175, 44, 'Clementine Dickinson', 'Nihil quo nam sit ut et dignissimos. Placeat facere quam sit aut eos. Nulla placeat facere doloribus voluptatem ea. Consequatur esse et eum animi nam eum natus.\n \nEt dolorem enim. Nemo voluptas et ut porro et magnam. Vel ab facilis eum id porro. Repellendus doloribus ad sequi.\n \nLabore quia odit quia excepturi vero animi. Voluptatibus et eveniet optio accusantium rerum ratione aperiam necessitatibus totam. Est totam qui temporibus veniam consequuntur dolorum veniam. Sapiente consequuntur ipsa et voluptatibus.', '2020-11-14 10:15:05.382');
INSERT INTO comments (id, card_id, author, body, posted_on) VALUES (176, 44, 'Howard Kemmer', 'Consequuntur suscipit qui id quis repudiandae architecto. Aut laborum et adipisci soluta adipisci. Accusantium ab laborum unde quam.\n \nIllum ipsa quo consequatur quia consequatur aut amet quis voluptas. Omnis excepturi a quia. Rerum eaque velit enim possimus molestiae voluptas. Saepe molestiae magnam quasi ad excepturi. Doloribus soluta quaerat et impedit ad. Nam ipsum aut odio laudantium quaerat eos tempore temporibus aliquid.\n \nReprehenderit saepe doloremque voluptas voluptatem voluptate. Aliquam esse quisquam. Quis molestiae libero ut consequuntur distinctio consequatur consectetur delectus quia. Repudiandae numquam placeat. Explicabo earum perferendis. Temporibus sed voluptatem pariatur aut iste enim.', '2020-11-14 15:42:05.382');
INSERT INTO comments (id, card_id, author, body, posted_on) VALUES (177, 45, 'Dallin Ullrich', 'Deleniti debitis soluta laboriosam voluptas autem rerum in eius ut. Dignissimos nihil vitae explicabo odit magnam deleniti nisi ipsa. Aut nisi reprehenderit vel iusto.\n \nVelit ipsa ex iste. Repellat hic enim repellat est. Quae consequatur laudantium vitae corrupti.\n \nEt et iste aut et sit voluptates sit voluptatem quos. Qui repellat et eum et id amet quo. At et iure.', '2020-11-14 22:27:51.382');
INSERT INTO comments (id, card_id, author, body, posted_on) VALUES (178, 45, 'Oswaldo Schuster', 'Voluptas numquam qui reprehenderit qui enim consequatur sit est. Vel et inventore quia dolorem maxime non officia in. Ea consectetur error deleniti voluptatem optio nemo aut. Vel commodi maiores necessitatibus blanditiis. A quia tempora dignissimos aperiam deserunt et veritatis facilis. Aliquid officia quaerat quos non.\n \nOmnis voluptatem voluptatem. Minima maxime sit commodi adipisci doloremque. Ea sint aliquam deleniti voluptatem et. Quia debitis tenetur illum. Enim qui maiores error maxime reiciendis fugit molestiae ut.\n \nCorporis quisquam autem ea sed. Dolorum eligendi et cupiditate quis labore libero. Sapiente velit commodi maxime in eligendi. At quisquam temporibus consequatur rerum magnam inventore aut. In necessitatibus amet et quaerat eveniet explicabo provident nulla hic. Delectus consequuntur pariatur corrupti ex reiciendis.', '2020-11-15 02:23:53.382');
INSERT INTO comments (id, card_id, author, body, posted_on) VALUES (179, 45, 'Shirley Schmeler', 'Adipisci ducimus aut incidunt dolorem. Ipsum rerum quidem iste. Id quasi ut tempora iusto voluptates est. Qui officia enim est voluptatem.\n \nOmnis explicabo tempora ipsam ut quo eligendi ipsa expedita debitis. Corporis quos omnis in. Quis eius placeat dolores ea. Ullam velit officia incidunt doloremque repudiandae sequi consequuntur deserunt et.\n \nLaudantium animi quaerat corrupti asperiores impedit quo. Temporibus corrupti dolor. Excepturi itaque ratione sit. Rerum distinctio nihil eum error magni. Qui error eius officia ut velit error saepe.', '2020-11-15 08:10:35.382');
INSERT INTO comments (id, card_id, author, body, posted_on) VALUES (180, 45, 'Hayden Schultz', 'Quas et sint. Consequatur deleniti quo omnis asperiores nobis reprehenderit. Dolor saepe eligendi consequuntur ab velit porro. Aut quos et voluptates est et quaerat recusandae itaque nihil.\n \nPorro delectus et. Ut eaque fuga libero. Ipsum enim numquam aspernatur quas architecto ut. Repudiandae vel omnis. Voluptatibus repudiandae error.\n \nCorrupti nam nulla dolores sint aperiam iure rerum. Necessitatibus distinctio provident in blanditiis velit doloremque. Laboriosam iste similique cumque tenetur sint esse. Beatae modi debitis. Numquam omnis rem illum.', '2020-11-15 13:37:29.382');


SELECT pg_catalog.setval('boards_id_seq', 3, true);
SELECT pg_catalog.setval('cards_id_seq', 45, true);
SELECT pg_catalog.setval('comments_id_seq', 180, true);

COMMIT;